"filename", "language", "TypeScript", "TypeScript JSX", "JavaScript", "CSS", "JSON", "Markdown", "Makefile", "JSON with Comments", "XML", "comment", "blank", "total"
"/Users/kuben/projects/surge/surgelight/.claude/settings.local.json", "JSON", 0, 0, 0, 0, 35, 0, 0, 0, 0, 0, 0, 35
"/Users/kuben/projects/surge/surgelight/CLAUDE.md", "Markdown", 0, 0, 0, 0, 0, 720, 0, 0, 0, 0, 156, 876
"/Users/kuben/projects/surge/surgelight/Makefile", "Makefile", 0, 0, 0, 0, 0, 0, 4, 0, 0, 0, 0, 4
"/Users/kuben/projects/surge/surgelight/components.json", "JSON", 0, 0, 0, 0, 21, 0, 0, 0, 0, 0, 0, 21
"/Users/kuben/projects/surge/surgelight/convex/_generated/api.d.ts", "TypeScript", 53, 0, 0, 0, 0, 0, 0, 0, 0, 17, 3, 73
"/Users/kuben/projects/surge/surgelight/convex/_generated/api.js", "JavaScript", 0, 0, 3, 0, 0, 0, 0, 0, 0, 17, 3, 23
"/Users/kuben/projects/surge/surgelight/convex/_generated/dataModel.d.ts", "TypeScript", 16, 0, 0, 0, 0, 0, 0, 0, 0, 39, 6, 61
"/Users/kuben/projects/surge/surgelight/convex/_generated/server.d.ts", "TypeScript", 24, 0, 0, 0, 0, 0, 0, 0, 0, 105, 14, 143
"/Users/kuben/projects/surge/surgelight/convex/_generated/server.js", "JavaScript", 0, 0, 16, 0, 0, 0, 0, 0, 0, 65, 9, 90
"/Users/kuben/projects/surge/surgelight/convex/app/analytics.ts", "TypeScript", 752, 0, 0, 0, 0, 0, 0, 0, 0, 53, 87, 892
"/Users/kuben/projects/surge/surgelight/convex/app/ayrshare.ts", "TypeScript", 657, 0, 0, 0, 0, 0, 0, 0, 0, 20, 119, 796
"/Users/kuben/projects/surge/surgelight/convex/app/campaigns.ts", "TypeScript", 619, 0, 0, 0, 0, 0, 0, 0, 0, 31, 112, 762
"/Users/kuben/projects/surge/surgelight/convex/app/files.ts", "TypeScript", 105, 0, 0, 0, 0, 0, 0, 0, 0, 10, 18, 133
"/Users/kuben/projects/surge/surgelight/convex/app/folders.ts", "TypeScript", 340, 0, 0, 0, 0, 0, 0, 0, 0, 0, 78, 418
"/Users/kuben/projects/surge/surgelight/convex/app/public.ts", "TypeScript", 208, 0, 0, 0, 0, 0, 0, 0, 0, 11, 21, 240
"/Users/kuben/projects/surge/surgelight/convex/app/reports.ts", "TypeScript", 375, 0, 0, 0, 0, 0, 0, 0, 0, 17, 94, 486
"/Users/kuben/projects/surge/surgelight/convex/app/stripe.ts", "TypeScript", 139, 0, 0, 0, 0, 0, 0, 0, 0, 1, 23, 163
"/Users/kuben/projects/surge/surgelight/convex/app/tiktok.ts", "TypeScript", 418, 0, 0, 0, 0, 0, 0, 0, 0, 9, 39, 466
"/Users/kuben/projects/surge/surgelight/convex/app/transcription.ts", "TypeScript", 128, 0, 0, 0, 0, 0, 0, 0, 0, 14, 27, 169
"/Users/kuben/projects/surge/surgelight/convex/app/users.ts", "TypeScript", 66, 0, 0, 0, 0, 0, 0, 0, 0, 0, 9, 75
"/Users/kuben/projects/surge/surgelight/convex/auth.config.ts", "TypeScript", 8, 0, 0, 0, 0, 0, 0, 0, 0, 4, 0, 12
"/Users/kuben/projects/surge/surgelight/convex/crons.ts", "TypeScript", 15, 0, 0, 0, 0, 0, 0, 0, 0, 0, 5, 20
"/Users/kuben/projects/surge/surgelight/convex/http.ts", "TypeScript", 38, 0, 0, 0, 0, 0, 0, 0, 0, 5, 7, 50
"/Users/kuben/projects/surge/surgelight/convex/schema.ts", "TypeScript", 220, 0, 0, 0, 0, 0, 0, 0, 0, 3, 20, 243
"/Users/kuben/projects/surge/surgelight/convex/tsconfig.json", "JSON with Comments", 0, 0, 0, 0, 0, 0, 0, 18, 0, 6, 2, 26
"/Users/kuben/projects/surge/surgelight/convex/utils/srt_generator.ts", "TypeScript", 118, 0, 0, 0, 0, 0, 0, 0, 0, 36, 29, 183
"/Users/kuben/projects/surge/surgelight/convex/webhooks/ayrshare.ts", "TypeScript", 281, 0, 0, 0, 0, 0, 0, 0, 0, 8, 42, 331
"/Users/kuben/projects/surge/surgelight/convex/webhooks/clerk.ts", "TypeScript", 95, 0, 0, 0, 0, 0, 0, 0, 0, 6, 18, 119
"/Users/kuben/projects/surge/surgelight/convex/webhooks/make.ts", "TypeScript", 121, 0, 0, 0, 0, 0, 0, 0, 0, 17, 23, 161
"/Users/kuben/projects/surge/surgelight/convex/webhooks/stripe.ts", "TypeScript", 180, 0, 0, 0, 0, 0, 0, 0, 0, 7, 33, 220
"/Users/kuben/projects/surge/surgelight/convex/webhooks/test.ts", "TypeScript", 51, 0, 0, 0, 0, 0, 0, 0, 0, 0, 8, 59
"/Users/kuben/projects/surge/surgelight/eslint.config.js", "JavaScript", 0, 0, 46, 0, 0, 0, 0, 0, 0, 0, 3, 49
"/Users/kuben/projects/surge/surgelight/next.config.js", "JavaScript", 0, 0, 22, 0, 0, 0, 0, 0, 0, 5, 3, 30
"/Users/kuben/projects/surge/surgelight/package-lock.json", "JSON", 0, 0, 0, 0, 9175, 0, 0, 0, 0, 0, 1, 9176
"/Users/kuben/projects/surge/surgelight/package.json", "JSON", 0, 0, 0, 0, 103, 0, 0, 0, 0, 0, 0, 103
"/Users/kuben/projects/surge/surgelight/postcss.config.js", "JavaScript", 0, 0, 5, 0, 0, 0, 0, 0, 0, 0, 1, 6
"/Users/kuben/projects/surge/surgelight/prettier.config.js", "JavaScript", 0, 0, 3, 0, 0, 0, 0, 0, 0, 1, 1, 5
"/Users/kuben/projects/surge/surgelight/public/file.svg", "XML", 0, 0, 0, 0, 0, 0, 0, 0, 1, 0, 0, 1
"/Users/kuben/projects/surge/surgelight/public/globe.svg", "XML", 0, 0, 0, 0, 0, 0, 0, 0, 1, 0, 0, 1
"/Users/kuben/projects/surge/surgelight/public/next.svg", "XML", 0, 0, 0, 0, 0, 0, 0, 0, 1, 0, 0, 1
"/Users/kuben/projects/surge/surgelight/public/vercel.svg", "XML", 0, 0, 0, 0, 0, 0, 0, 0, 1, 0, 0, 1
"/Users/kuben/projects/surge/surgelight/public/window.svg", "XML", 0, 0, 0, 0, 0, 0, 0, 0, 1, 0, 0, 1
"/Users/kuben/projects/surge/surgelight/src/app/(auth)/sign-in/[[...sign-in]]/page.tsx", "TypeScript JSX", 0, 18, 0, 0, 0, 0, 0, 0, 0, 0, 3, 21
"/Users/kuben/projects/surge/surgelight/src/app/(auth)/sign-up/[[...sign-up]]/page.tsx", "TypeScript JSX", 0, 10, 0, 0, 0, 0, 0, 0, 0, 0, 5, 15
"/Users/kuben/projects/surge/surgelight/src/app/(dashboard)/analytics/page.tsx", "TypeScript JSX", 0, 12, 0, 0, 0, 0, 0, 0, 0, 0, 1, 13
"/Users/kuben/projects/surge/surgelight/src/app/(dashboard)/campaign/[id]/analytics/page.tsx", "TypeScript JSX", 0, 17, 0, 0, 0, 0, 0, 0, 0, 0, 2, 19
"/Users/kuben/projects/surge/surgelight/src/app/(dashboard)/campaign/[id]/page.tsx", "TypeScript JSX", 0, 2, 0, 0, 0, 0, 0, 0, 0, 0, 1, 3
"/Users/kuben/projects/surge/surgelight/src/app/(dashboard)/campaign/create/page.tsx", "TypeScript JSX", 0, 2, 0, 0, 0, 0, 0, 0, 0, 0, 1, 3
"/Users/kuben/projects/surge/surgelight/src/app/(dashboard)/campaign/page.tsx", "TypeScript JSX", 0, 2, 0, 0, 0, 0, 0, 0, 0, 0, 1, 3
"/Users/kuben/projects/surge/surgelight/src/app/(dashboard)/pricing/page.tsx", "TypeScript JSX", 0, 2, 0, 0, 0, 0, 0, 0, 0, 0, 1, 3
"/Users/kuben/projects/surge/surgelight/src/app/(dashboard)/reports/[id]/edit/page.tsx", "TypeScript JSX", 0, 2, 0, 0, 0, 0, 0, 0, 0, 0, 1, 3
"/Users/kuben/projects/surge/surgelight/src/app/(dashboard)/reports/[id]/page.tsx", "TypeScript JSX", 0, 2, 0, 0, 0, 0, 0, 0, 0, 0, 1, 3
"/Users/kuben/projects/surge/surgelight/src/app/(dashboard)/reports/create/page.tsx", "TypeScript JSX", 0, 2, 0, 0, 0, 0, 0, 0, 0, 0, 1, 3
"/Users/kuben/projects/surge/surgelight/src/app/(dashboard)/reports/page.tsx", "TypeScript JSX", 0, 2, 0, 0, 0, 0, 0, 0, 0, 0, 1, 3
"/Users/kuben/projects/surge/surgelight/src/app/(dashboard)/social-accounts/page.tsx", "TypeScript JSX", 0, 2, 0, 0, 0, 0, 0, 0, 0, 0, 1, 3
"/Users/kuben/projects/surge/surgelight/src/app/(public)/public/reports/[share_id]/page.tsx", "TypeScript JSX", 0, 2, 0, 0, 0, 0, 0, 0, 0, 0, 1, 3
"/Users/kuben/projects/surge/surgelight/src/app/(public)/public/reports/page.tsx", "TypeScript JSX", 0, 2, 0, 0, 0, 0, 0, 0, 0, 0, 1, 3
"/Users/kuben/projects/surge/surgelight/src/app/layout.tsx", "TypeScript JSX", 0, 40, 0, 0, 0, 0, 0, 0, 0, 0, 5, 45
"/Users/kuben/projects/surge/surgelight/src/app/page.tsx", "TypeScript JSX", 0, 211, 0, 0, 0, 0, 0, 0, 0, 5, 19, 235
"/Users/kuben/projects/surge/surgelight/src/app/providers.tsx", "TypeScript JSX", 0, 32, 0, 0, 0, 0, 0, 0, 0, 0, 6, 38
"/Users/kuben/projects/surge/surgelight/src/components/analytics/AnalyticsHeader.tsx", "TypeScript JSX", 0, 131, 0, 0, 0, 0, 0, 0, 0, 2, 10, 143
"/Users/kuben/projects/surge/surgelight/src/components/analytics/CommentsSection.tsx", "TypeScript JSX", 0, 301, 0, 0, 0, 0, 0, 0, 0, 15, 24, 340
"/Users/kuben/projects/surge/surgelight/src/components/analytics/EditVisibleVideosModal.tsx", "TypeScript JSX", 0, 409, 0, 0, 0, 0, 0, 0, 0, 34, 39, 482
"/Users/kuben/projects/surge/surgelight/src/components/analytics/KpiCard.tsx", "TypeScript JSX", 0, 38, 0, 0, 0, 0, 0, 0, 0, 0, 5, 43
"/Users/kuben/projects/surge/surgelight/src/components/analytics/KpiMetricsGrid.tsx", "TypeScript JSX", 0, 85, 0, 0, 0, 0, 0, 0, 0, 1, 2, 88
"/Users/kuben/projects/surge/surgelight/src/components/analytics/PerformanceChartCard.tsx", "TypeScript JSX", 0, 214, 0, 0, 0, 0, 0, 0, 0, 6, 11, 231
"/Users/kuben/projects/surge/surgelight/src/components/analytics/TopContentCard.tsx", "TypeScript JSX", 0, 89, 0, 0, 0, 0, 0, 0, 0, 0, 11, 100
"/Users/kuben/projects/surge/surgelight/src/components/analytics/TopContentItem.tsx", "TypeScript JSX", 0, 71, 0, 0, 0, 0, 0, 0, 0, 7, 5, 83
"/Users/kuben/projects/surge/surgelight/src/components/analytics/types/growth.types.ts", "TypeScript", 4, 0, 0, 0, 0, 0, 0, 0, 0, 0, 0, 4
"/Users/kuben/projects/surge/surgelight/src/components/analytics/types/index.ts", "TypeScript", 3, 0, 0, 0, 0, 0, 0, 0, 0, 1, 0, 4
"/Users/kuben/projects/surge/surgelight/src/components/analytics/types/metrics.types.ts", "TypeScript", 23, 0, 0, 0, 0, 0, 0, 0, 0, 4, 4, 31
"/Users/kuben/projects/surge/surgelight/src/components/analytics/types/video.types.ts", "TypeScript", 26, 0, 0, 0, 0, 0, 0, 0, 0, 0, 2, 28
"/Users/kuben/projects/surge/surgelight/src/components/common/theme-provider.tsx", "TypeScript JSX", 0, 17, 0, 0, 0, 0, 0, 0, 0, 0, 3, 20
"/Users/kuben/projects/surge/surgelight/src/components/common/theme-switcher.tsx", "TypeScript JSX", 0, 18, 0, 0, 0, 0, 0, 0, 0, 0, 4, 22
"/Users/kuben/projects/surge/surgelight/src/components/icons/InstagramIcon.tsx", "TypeScript JSX", 0, 7, 0, 0, 0, 0, 0, 0, 0, 0, 0, 7
"/Users/kuben/projects/surge/surgelight/src/components/icons/TikTokIcon.tsx", "TypeScript JSX", 0, 5, 0, 0, 0, 0, 0, 0, 0, 0, 0, 5
"/Users/kuben/projects/surge/surgelight/src/components/icons/YouTubeIcon.tsx", "TypeScript JSX", 0, 5, 0, 0, 0, 0, 0, 0, 0, 0, 0, 5
"/Users/kuben/projects/surge/surgelight/src/components/icons/index.ts", "TypeScript", 3, 0, 0, 0, 0, 0, 0, 0, 0, 0, 0, 3
"/Users/kuben/projects/surge/surgelight/src/components/loaders/InlineLoader.tsx", "TypeScript JSX", 0, 38, 0, 0, 0, 0, 0, 0, 0, 0, 5, 43
"/Users/kuben/projects/surge/surgelight/src/components/loaders/LoadingAnimation.tsx", "TypeScript JSX", 0, 74, 0, 0, 0, 0, 0, 0, 0, 5, 6, 85
"/Users/kuben/projects/surge/surgelight/src/components/loaders/PageLoader.tsx", "TypeScript JSX", 0, 21, 0, 0, 0, 0, 0, 0, 0, 0, 3, 24
"/Users/kuben/projects/surge/surgelight/src/components/loaders/index.ts", "TypeScript", 3, 0, 0, 0, 0, 0, 0, 0, 0, 0, 0, 3
"/Users/kuben/projects/surge/surgelight/src/components/ui/accordion.tsx", "TypeScript JSX", 0, 59, 0, 0, 0, 0, 0, 0, 0, 0, 8, 67
"/Users/kuben/projects/surge/surgelight/src/components/ui/alert-dialog.tsx", "TypeScript JSX", 0, 143, 0, 0, 0, 0, 0, 0, 0, 0, 15, 158
"/Users/kuben/projects/surge/surgelight/src/components/ui/alert.tsx", "TypeScript JSX", 0, 60, 0, 0, 0, 0, 0, 0, 0, 0, 7, 67
"/Users/kuben/projects/surge/surgelight/src/components/ui/aspect-ratio.tsx", "TypeScript JSX", 0, 8, 0, 0, 0, 0, 0, 0, 0, 0, 4, 12
"/Users/kuben/projects/surge/surgelight/src/components/ui/avatar.tsx", "TypeScript JSX", 0, 47, 0, 0, 0, 0, 0, 0, 0, 0, 7, 54
"/Users/kuben/projects/surge/surgelight/src/components/ui/badge.tsx", "TypeScript JSX", 0, 41, 0, 0, 0, 0, 0, 0, 0, 0, 6, 47
"/Users/kuben/projects/surge/surgelight/src/components/ui/breadcrumb.tsx", "TypeScript JSX", 0, 99, 0, 0, 0, 0, 0, 0, 0, 0, 11, 110
"/Users/kuben/projects/surge/surgelight/src/components/ui/button.tsx", "TypeScript JSX", 0, 54, 0, 0, 0, 0, 0, 0, 0, 0, 6, 60
"/Users/kuben/projects/surge/surgelight/src/components/ui/calendar.tsx", "TypeScript JSX", 0, 203, 0, 0, 0, 0, 0, 0, 0, 0, 11, 214
"/Users/kuben/projects/surge/surgelight/src/components/ui/card.tsx", "TypeScript JSX", 0, 83, 0, 0, 0, 0, 0, 0, 0, 0, 10, 93
"/Users/kuben/projects/surge/surgelight/src/components/ui/carousel.tsx", "TypeScript JSX", 0, 214, 0, 0, 0, 0, 0, 0, 0, 0, 28, 242
"/Users/kuben/projects/surge/surgelight/src/components/ui/chart.tsx", "TypeScript JSX", 0, 315, 0, 0, 0, 0, 0, 0, 0, 2, 37, 354
"/Users/kuben/projects/surge/surgelight/src/components/ui/checkbox.tsx", "TypeScript JSX", 0, 28, 0, 0, 0, 0, 0, 0, 0, 0, 5, 33
"/Users/kuben/projects/surge/surgelight/src/components/ui/collapsible.tsx", "TypeScript JSX", 0, 28, 0, 0, 0, 0, 0, 0, 0, 0, 6, 34
"/Users/kuben/projects/surge/surgelight/src/components/ui/command.tsx", "TypeScript JSX", 0, 172, 0, 0, 0, 0, 0, 0, 0, 0, 13, 185
"/Users/kuben/projects/surge/surgelight/src/components/ui/context-menu.tsx", "TypeScript JSX", 0, 234, 0, 0, 0, 0, 0, 0, 0, 0, 19, 253
"/Users/kuben/projects/surge/surgelight/src/components/ui/dialog.tsx", "TypeScript JSX", 0, 130, 0, 0, 0, 0, 0, 0, 0, 0, 14, 144
"/Users/kuben/projects/surge/surgelight/src/components/ui/drawer.tsx", "TypeScript JSX", 0, 122, 0, 0, 0, 0, 0, 0, 0, 0, 14, 136
"/Users/kuben/projects/surge/surgelight/src/components/ui/dropdown-menu.tsx", "TypeScript JSX", 0, 239, 0, 0, 0, 0, 0, 0, 0, 0, 19, 258
"/Users/kuben/projects/surge/surgelight/src/components/ui/form.tsx", "TypeScript JSX", 0, 143, 0, 0, 0, 0, 0, 0, 0, 0, 25, 168
"/Users/kuben/projects/surge/surgelight/src/components/ui/hover-card.tsx", "TypeScript JSX", 0, 38, 0, 0, 0, 0, 0, 0, 0, 0, 7, 45
"/Users/kuben/projects/surge/surgelight/src/components/ui/input-otp.tsx", "TypeScript JSX", 0, 69, 0, 0, 0, 0, 0, 0, 0, 0, 9, 78
"/Users/kuben/projects/surge/surgelight/src/components/ui/input.tsx", "TypeScript JSX", 0, 18, 0, 0, 0, 0, 0, 0, 0, 0, 4, 22
"/Users/kuben/projects/surge/surgelight/src/components/ui/label.tsx", "TypeScript JSX", 0, 20, 0, 0, 0, 0, 0, 0, 0, 0, 5, 25
"/Users/kuben/projects/surge/surgelight/src/components/ui/menubar.tsx", "TypeScript JSX", 0, 257, 0, 0, 0, 0, 0, 0, 0, 0, 20, 277
"/Users/kuben/projects/surge/surgelight/src/components/ui/navigation-menu.tsx", "TypeScript JSX", 0, 157, 0, 0, 0, 0, 0, 0, 0, 0, 12, 169
"/Users/kuben/projects/surge/surgelight/src/components/ui/pagination.tsx", "TypeScript JSX", 0, 117, 0, 0, 0, 0, 0, 0, 0, 0, 11, 128
"/Users/kuben/projects/surge/surgelight/src/components/ui/popover.tsx", "TypeScript JSX", 0, 41, 0, 0, 0, 0, 0, 0, 0, 0, 8, 49
"/Users/kuben/projects/surge/surgelight/src/components/ui/progress.tsx", "TypeScript JSX", 0, 27, 0, 0, 0, 0, 0, 0, 0, 0, 5, 32
"/Users/kuben/projects/surge/surgelight/src/components/ui/radio-group.tsx", "TypeScript JSX", 0, 40, 0, 0, 0, 0, 0, 0, 0, 0, 6, 46
"/Users/kuben/projects/surge/surgelight/src/components/ui/resizable.tsx", "TypeScript JSX", 0, 50, 0, 0, 0, 0, 0, 0, 0, 0, 7, 57
"/Users/kuben/projects/surge/surgelight/src/components/ui/scroll-area.tsx", "TypeScript JSX", 0, 53, 0, 0, 0, 0, 0, 0, 0, 0, 6, 59
"/Users/kuben/projects/surge/surgelight/src/components/ui/select.tsx", "TypeScript JSX", 0, 172, 0, 0, 0, 0, 0, 0, 0, 0, 14, 186
"/Users/kuben/projects/surge/surgelight/src/components/ui/separator.tsx", "TypeScript JSX", 0, 24, 0, 0, 0, 0, 0, 0, 0, 0, 5, 29
"/Users/kuben/projects/surge/surgelight/src/components/ui/sheet.tsx", "TypeScript JSX", 0, 126, 0, 0, 0, 0, 0, 0, 0, 0, 14, 140
"/Users/kuben/projects/surge/surgelight/src/components/ui/sidebar.tsx", "TypeScript JSX", 0, 661, 0, 0, 0, 0, 0, 0, 0, 12, 55, 728
"/Users/kuben/projects/surge/surgelight/src/components/ui/skeleton.tsx", "TypeScript JSX", 0, 11, 0, 0, 0, 0, 0, 0, 0, 0, 3, 14
"/Users/kuben/projects/surge/surgelight/src/components/ui/slider.tsx", "TypeScript JSX", 0, 58, 0, 0, 0, 0, 0, 0, 0, 0, 6, 64
"/Users/kuben/projects/surge/surgelight/src/components/ui/sonner.tsx", "TypeScript JSX", 0, 22, 0, 0, 0, 0, 0, 0, 0, 0, 5, 27
"/Users/kuben/projects/surge/surgelight/src/components/ui/switch.tsx", "TypeScript JSX", 0, 27, 0, 0, 0, 0, 0, 0, 0, 0, 5, 32
"/Users/kuben/projects/surge/surgelight/src/components/ui/table.tsx", "TypeScript JSX", 0, 105, 0, 0, 0, 0, 0, 0, 0, 0, 12, 117
"/Users/kuben/projects/surge/surgelight/src/components/ui/tabs.tsx", "TypeScript JSX", 0, 59, 0, 0, 0, 0, 0, 0, 0, 0, 8, 67
"/Users/kuben/projects/surge/surgelight/src/components/ui/textarea.tsx", "TypeScript JSX", 0, 15, 0, 0, 0, 0, 0, 0, 0, 0, 4, 19
"/Users/kuben/projects/surge/surgelight/src/components/ui/toggle-group.tsx", "TypeScript JSX", 0, 66, 0, 0, 0, 0, 0, 0, 0, 0, 8, 74
"/Users/kuben/projects/surge/surgelight/src/components/ui/toggle.tsx", "TypeScript JSX", 0, 42, 0, 0, 0, 0, 0, 0, 0, 0, 6, 48
"/Users/kuben/projects/surge/surgelight/src/components/ui/tooltip.tsx", "TypeScript JSX", 0, 54, 0, 0, 0, 0, 0, 0, 0, 0, 8, 62
"/Users/kuben/projects/surge/surgelight/src/env.js", "JavaScript", 0, 0, 14, 0, 0, 0, 0, 0, 0, 23, 4, 41
"/Users/kuben/projects/surge/surgelight/src/features/analytics/components/AnalyticsContainer.tsx", "TypeScript JSX", 0, 228, 0, 0, 0, 0, 0, 0, 0, 13, 15, 256
"/Users/kuben/projects/surge/surgelight/src/features/analytics/components/AnalyticsHeader.tsx", "TypeScript JSX", 0, 78, 0, 0, 0, 0, 0, 0, 0, 4, 7, 89
"/Users/kuben/projects/surge/surgelight/src/features/analytics/components/CampaignSelector.tsx", "TypeScript JSX", 0, 137, 0, 0, 0, 0, 0, 0, 0, 5, 13, 155
"/Users/kuben/projects/surge/surgelight/src/features/analytics/components/CommentsSection.tsx", "TypeScript JSX", 0, 236, 0, 0, 0, 0, 0, 0, 0, 8, 13, 257
"/Users/kuben/projects/surge/surgelight/src/features/analytics/components/ErrorState.tsx", "TypeScript JSX", 0, 29, 0, 0, 0, 0, 0, 0, 0, 0, 3, 32
"/Users/kuben/projects/surge/surgelight/src/features/analytics/components/LoadingState.tsx", "TypeScript JSX", 0, 32, 0, 0, 0, 0, 0, 0, 0, 4, 5, 41
"/Users/kuben/projects/surge/surgelight/src/features/analytics/components/MetricsChart.tsx", "TypeScript JSX", 0, 111, 0, 0, 0, 0, 0, 0, 0, 0, 9, 120
"/Users/kuben/projects/surge/surgelight/src/features/analytics/components/MetricsOverview.tsx", "TypeScript JSX", 0, 102, 0, 0, 0, 0, 0, 0, 0, 0, 5, 107
"/Users/kuben/projects/surge/surgelight/src/features/analytics/components/VideoMetricsTable.tsx", "TypeScript JSX", 0, 160, 0, 0, 0, 0, 0, 0, 0, 10, 18, 188
"/Users/kuben/projects/surge/surgelight/src/features/analytics/hooks/useAnalytics.ts", "TypeScript", 130, 0, 0, 0, 0, 0, 0, 0, 0, 19, 25, 174
"/Users/kuben/projects/surge/surgelight/src/features/analytics/hooks/useComments.ts", "TypeScript", 84, 0, 0, 0, 0, 0, 0, 0, 0, 13, 20, 117
"/Users/kuben/projects/surge/surgelight/src/features/analytics/index.ts", "TypeScript", 27, 0, 0, 0, 0, 0, 0, 0, 0, 4, 3, 34
"/Users/kuben/projects/surge/surgelight/src/features/analytics/types/analytics.types.ts", "TypeScript", 119, 0, 0, 0, 0, 0, 0, 0, 0, 6, 16, 141
"/Users/kuben/projects/surge/surgelight/src/features/campaigns/analytics/CampaignAnalyticsPage.tsx", "TypeScript JSX", 0, 25, 0, 0, 0, 0, 0, 0, 0, 0, 2, 27
"/Users/kuben/projects/surge/surgelight/src/features/campaigns/analytics/components/AnalyticsAreaChart.tsx", "TypeScript JSX", 0, 96, 0, 0, 0, 0, 0, 0, 0, 1, 6, 103
"/Users/kuben/projects/surge/surgelight/src/features/campaigns/analytics/components/AnalyticsClient.tsx", "TypeScript JSX", 0, 130, 0, 0, 0, 0, 0, 0, 0, 8, 14, 152
"/Users/kuben/projects/surge/surgelight/src/features/campaigns/analytics/components/AnalyticsHeader.tsx", "TypeScript JSX", 0, 79, 0, 0, 0, 0, 0, 0, 0, 0, 6, 85
"/Users/kuben/projects/surge/surgelight/src/features/campaigns/analytics/components/CampaignInfoSection.tsx", "TypeScript JSX", 0, 42, 0, 0, 0, 0, 0, 0, 0, 0, 3, 45
"/Users/kuben/projects/surge/surgelight/src/features/campaigns/analytics/components/KPIMetrics.tsx", "TypeScript JSX", 0, 84, 0, 0, 0, 0, 0, 0, 0, 0, 7, 91
"/Users/kuben/projects/surge/surgelight/src/features/campaigns/analytics/components/MetricInfo.tsx", "TypeScript JSX", 0, 43, 0, 0, 0, 0, 0, 0, 0, 1, 6, 50
"/Users/kuben/projects/surge/surgelight/src/features/campaigns/analytics/components/MetricSummaryStats.tsx", "TypeScript JSX", 0, 58, 0, 0, 0, 0, 0, 0, 0, 1, 5, 64
"/Users/kuben/projects/surge/surgelight/src/features/campaigns/analytics/components/MetricTabs.tsx", "TypeScript JSX", 0, 43, 0, 0, 0, 0, 0, 0, 0, 0, 4, 47
"/Users/kuben/projects/surge/surgelight/src/features/campaigns/analytics/components/MetricsChart.tsx", "TypeScript JSX", 0, 55, 0, 0, 0, 0, 0, 0, 0, 0, 6, 61
"/Users/kuben/projects/surge/surgelight/src/features/campaigns/analytics/components/VideoPerformanceTable.tsx", "TypeScript JSX", 0, 141, 0, 0, 0, 0, 0, 0, 0, 2, 9, 152
"/Users/kuben/projects/surge/surgelight/src/features/campaigns/analytics/constants/metrics.tsx", "TypeScript JSX", 0, 124, 0, 0, 0, 0, 0, 0, 0, 3, 7, 134
"/Users/kuben/projects/surge/surgelight/src/features/campaigns/analytics/hooks/useAnalyticsData.ts", "TypeScript", 76, 0, 0, 0, 0, 0, 0, 0, 0, 7, 13, 96
"/Users/kuben/projects/surge/surgelight/src/features/campaigns/analytics/index.ts", "TypeScript", 16, 0, 0, 0, 0, 0, 0, 0, 0, 5, 4, 25
"/Users/kuben/projects/surge/surgelight/src/features/campaigns/analytics/types/analytics.types.ts", "TypeScript", 3, 0, 0, 0, 0, 0, 0, 0, 0, 2, 1, 6
"/Users/kuben/projects/surge/surgelight/src/features/campaigns/analytics/utils/analytics-calculations.ts", "TypeScript", 7, 0, 0, 0, 0, 0, 0, 0, 0, 1, 0, 8
"/Users/kuben/projects/surge/surgelight/src/features/campaigns/create/CampaignCreatePage.tsx", "TypeScript JSX", 0, 88, 0, 0, 0, 0, 0, 0, 0, 15, 17, 120
"/Users/kuben/projects/surge/surgelight/src/features/campaigns/create/components/AudioTrimmer.tsx", "TypeScript JSX", 0, 223, 0, 0, 0, 0, 0, 0, 0, 15, 33, 271
"/Users/kuben/projects/surge/surgelight/src/features/campaigns/create/components/CampaignInfo.tsx", "TypeScript JSX", 0, 74, 0, 0, 0, 0, 0, 0, 0, 0, 5, 79
"/Users/kuben/projects/surge/surgelight/src/features/campaigns/create/components/ContentThemes.tsx", "TypeScript JSX", 0, 98, 0, 0, 0, 0, 0, 0, 0, 2, 6, 106
"/Users/kuben/projects/surge/surgelight/src/features/campaigns/create/components/GenreSelection.tsx", "TypeScript JSX", 0, 62, 0, 0, 0, 0, 0, 0, 0, 4, 6, 72
"/Users/kuben/projects/surge/surgelight/src/features/campaigns/create/components/ImageAssets.tsx", "TypeScript JSX", 0, 154, 0, 0, 0, 0, 0, 0, 0, 5, 17, 176
"/Users/kuben/projects/surge/surgelight/src/features/campaigns/create/components/LockOverlay.tsx", "TypeScript JSX", 0, 29, 0, 0, 0, 0, 0, 0, 0, 0, 4, 33
"/Users/kuben/projects/surge/surgelight/src/features/campaigns/create/components/LyricsEditor.tsx", "TypeScript JSX", 0, 150, 0, 0, 0, 0, 0, 0, 0, 0, 15, 165
"/Users/kuben/projects/surge/surgelight/src/features/campaigns/create/components/LyricsSelection.tsx", "TypeScript JSX", 0, 119, 0, 0, 0, 0, 0, 0, 0, 4, 10, 133
"/Users/kuben/projects/surge/surgelight/src/features/campaigns/create/components/NavigationControls.tsx", "TypeScript JSX", 0, 82, 0, 0, 0, 0, 0, 0, 0, 1, 7, 90
"/Users/kuben/projects/surge/surgelight/src/features/campaigns/create/components/ProgressIndicator.tsx", "TypeScript JSX", 0, 38, 0, 0, 0, 0, 0, 0, 0, 1, 4, 43
"/Users/kuben/projects/surge/surgelight/src/features/campaigns/create/components/SongAudio.tsx", "TypeScript JSX", 0, 449, 0, 0, 0, 0, 0, 0, 0, 22, 48, 519
"/Users/kuben/projects/surge/surgelight/src/features/campaigns/create/components/SongDetails.tsx", "TypeScript JSX", 0, 43, 0, 0, 0, 0, 0, 0, 0, 0, 3, 46
"/Users/kuben/projects/surge/surgelight/src/features/campaigns/create/components/StepRenderer.tsx", "TypeScript JSX", 0, 36, 0, 0, 0, 0, 0, 0, 0, 1, 7, 44
"/Users/kuben/projects/surge/surgelight/src/features/campaigns/create/components/SubscriptionDialog.tsx", "TypeScript JSX", 0, 89, 0, 0, 0, 0, 0, 0, 0, 0, 9, 98
"/Users/kuben/projects/surge/surgelight/src/features/campaigns/create/components/VideoAssets.tsx", "TypeScript JSX", 0, 152, 0, 0, 0, 0, 0, 0, 0, 5, 18, 175
"/Users/kuben/projects/surge/surgelight/src/features/campaigns/create/components/VideoCount.tsx", "TypeScript JSX", 0, 99, 0, 0, 0, 0, 0, 0, 0, 1, 8, 108
"/Users/kuben/projects/surge/surgelight/src/features/campaigns/create/components/VideoCountCustom.tsx", "TypeScript JSX", 0, 85, 0, 0, 0, 0, 0, 0, 0, 2, 5, 92
"/Users/kuben/projects/surge/surgelight/src/features/campaigns/create/components/VideoCountHeader.tsx", "TypeScript JSX", 0, 34, 0, 0, 0, 0, 0, 0, 0, 0, 4, 38
"/Users/kuben/projects/surge/surgelight/src/features/campaigns/create/components/VideoCountPreset.tsx", "TypeScript JSX", 0, 53, 0, 0, 0, 0, 0, 0, 0, 0, 3, 56
"/Users/kuben/projects/surge/surgelight/src/features/campaigns/create/components/step-config.ts", "TypeScript", 204, 0, 0, 0, 0, 0, 0, 0, 0, 11, 13, 228
"/Users/kuben/projects/surge/surgelight/src/features/campaigns/create/constants/video-options.ts", "TypeScript", 20, 0, 0, 0, 0, 0, 0, 0, 0, 0, 5, 25
"/Users/kuben/projects/surge/surgelight/src/features/campaigns/create/hooks/useCampaignForm.ts", "TypeScript", 158, 0, 0, 0, 0, 0, 0, 0, 0, 19, 24, 201
"/Users/kuben/projects/surge/surgelight/src/features/campaigns/create/hooks/useCampaignFormNavigation.ts", "TypeScript", 37, 0, 0, 0, 0, 0, 0, 0, 0, 0, 6, 43
"/Users/kuben/projects/surge/surgelight/src/features/campaigns/create/hooks/useCampaignFormSections.ts", "TypeScript", 38, 0, 0, 0, 0, 0, 0, 0, 0, 1, 8, 47
"/Users/kuben/projects/surge/surgelight/src/features/campaigns/create/hooks/useCampaignFormState.ts", "TypeScript", 109, 0, 0, 0, 0, 0, 0, 0, 0, 25, 27, 161
"/Users/kuben/projects/surge/surgelight/src/features/campaigns/create/hooks/useCampaignFormSubmission.ts", "TypeScript", 60, 0, 0, 0, 0, 0, 0, 0, 0, 1, 7, 68
"/Users/kuben/projects/surge/surgelight/src/features/campaigns/create/hooks/useCampaignFormValidation.ts", "TypeScript", 169, 0, 0, 0, 0, 0, 0, 0, 0, 1, 22, 192
"/Users/kuben/projects/surge/surgelight/src/features/campaigns/create/hooks/useStepNavigation.ts", "TypeScript", 28, 0, 0, 0, 0, 0, 0, 0, 0, 0, 7, 35
"/Users/kuben/projects/surge/surgelight/src/features/campaigns/create/hooks/useVideoCountLogic.ts", "TypeScript", 46, 0, 0, 0, 0, 0, 0, 0, 0, 0, 9, 55
"/Users/kuben/projects/surge/surgelight/src/features/campaigns/create/index.ts", "TypeScript", 7, 0, 0, 0, 0, 0, 0, 0, 0, 6, 5, 18
"/Users/kuben/projects/surge/surgelight/src/features/campaigns/create/types/video-count.types.ts", "TypeScript", 8, 0, 0, 0, 0, 0, 0, 0, 0, 0, 0, 8
"/Users/kuben/projects/surge/surgelight/src/features/campaigns/create/utils/pro-access.utils.ts", "TypeScript", 13, 0, 0, 0, 0, 0, 0, 0, 0, 11, 3, 27
"/Users/kuben/projects/surge/surgelight/src/features/campaigns/detail/CampaignDetailPage.tsx", "TypeScript JSX", 0, 25, 0, 0, 0, 0, 0, 0, 0, 0, 2, 27
"/Users/kuben/projects/surge/surgelight/src/features/campaigns/detail/components/CampaignClient.tsx", "TypeScript JSX", 0, 127, 0, 0, 0, 0, 0, 0, 0, 7, 18, 152
"/Users/kuben/projects/surge/surgelight/src/features/campaigns/detail/components/CampaignHeader.tsx", "TypeScript JSX", 0, 188, 0, 0, 0, 0, 0, 0, 0, 1, 15, 204
"/Users/kuben/projects/surge/surgelight/src/features/campaigns/detail/components/ProgressSection.tsx", "TypeScript JSX", 0, 57, 0, 0, 0, 0, 0, 0, 0, 0, 6, 63
"/Users/kuben/projects/surge/surgelight/src/features/campaigns/detail/components/VideoGridItem.tsx", "TypeScript JSX", 0, 84, 0, 0, 0, 0, 0, 0, 0, 0, 7, 91
"/Users/kuben/projects/surge/surgelight/src/features/campaigns/detail/components/VideoPagination.tsx", "TypeScript JSX", 0, 120, 0, 0, 0, 0, 0, 0, 0, 7, 16, 143
"/Users/kuben/projects/surge/surgelight/src/features/campaigns/detail/components/VideoSection.tsx", "TypeScript JSX", 0, 91, 0, 0, 0, 0, 0, 0, 0, 5, 10, 106
"/Users/kuben/projects/surge/surgelight/src/features/campaigns/detail/components/VideoSectionContent.tsx", "TypeScript JSX", 0, 108, 0, 0, 0, 0, 0, 0, 0, 3, 7, 118
"/Users/kuben/projects/surge/surgelight/src/features/campaigns/detail/components/VideoSectionHeader.tsx", "TypeScript JSX", 0, 178, 0, 0, 0, 0, 0, 0, 0, 2, 14, 194
"/Users/kuben/projects/surge/surgelight/src/features/campaigns/detail/hooks/useCampaignData.ts", "TypeScript", 26, 0, 0, 0, 0, 0, 0, 0, 0, 0, 5, 31
"/Users/kuben/projects/surge/surgelight/src/features/campaigns/detail/hooks/useCampaignProgress.ts", "TypeScript", 28, 0, 0, 0, 0, 0, 0, 0, 0, 4, 11, 43
"/Users/kuben/projects/surge/surgelight/src/features/campaigns/detail/hooks/useVideoDownload.ts", "TypeScript", 92, 0, 0, 0, 0, 0, 0, 0, 0, 3, 17, 112
"/Users/kuben/projects/surge/surgelight/src/features/campaigns/detail/hooks/useVideoPagination.ts", "TypeScript", 33, 0, 0, 0, 0, 0, 0, 0, 0, 1, 8, 42
"/Users/kuben/projects/surge/surgelight/src/features/campaigns/detail/index.ts", "TypeScript", 9, 0, 0, 0, 0, 0, 0, 0, 0, 4, 3, 16
"/Users/kuben/projects/surge/surgelight/src/features/campaigns/detail/types/campaign-detail.types.ts", "TypeScript", 27, 0, 0, 0, 0, 0, 0, 0, 0, 0, 3, 30
"/Users/kuben/projects/surge/surgelight/src/features/campaigns/folders/components/AddToFolderTab.tsx", "TypeScript JSX", 0, 143, 0, 0, 0, 0, 0, 0, 0, 13, 18, 174
"/Users/kuben/projects/surge/surgelight/src/features/campaigns/folders/components/CampaignSearchBar.tsx", "TypeScript JSX", 0, 25, 0, 0, 0, 0, 0, 0, 0, 0, 3, 28
"/Users/kuben/projects/surge/surgelight/src/features/campaigns/folders/components/FolderCampaigns.tsx", "TypeScript JSX", 0, 118, 0, 0, 0, 0, 0, 0, 0, 2, 6, 126
"/Users/kuben/projects/surge/surgelight/src/features/campaigns/folders/components/FolderCreateForm.tsx", "TypeScript JSX", 0, 59, 0, 0, 0, 0, 0, 0, 0, 0, 3, 62
"/Users/kuben/projects/surge/surgelight/src/features/campaigns/folders/components/FolderEmptyState.tsx", "TypeScript JSX", 0, 13, 0, 0, 0, 0, 0, 0, 0, 0, 2, 15
"/Users/kuben/projects/surge/surgelight/src/features/campaigns/folders/components/FolderHeader.tsx", "TypeScript JSX", 0, 161, 0, 0, 0, 0, 0, 0, 0, 5, 15, 181
"/Users/kuben/projects/surge/surgelight/src/features/campaigns/folders/components/FolderItem.tsx", "TypeScript JSX", 0, 42, 0, 0, 0, 0, 0, 0, 0, 0, 3, 45
"/Users/kuben/projects/surge/surgelight/src/features/campaigns/folders/components/FolderList.tsx", "TypeScript JSX", 0, 51, 0, 0, 0, 0, 0, 0, 0, 0, 5, 56
"/Users/kuben/projects/surge/surgelight/src/features/campaigns/folders/components/FolderManagerDialogContent.tsx", "TypeScript JSX", 0, 176, 0, 0, 0, 0, 0, 0, 0, 7, 15, 198
"/Users/kuben/projects/surge/surgelight/src/features/campaigns/folders/components/FolderNavigation.tsx", "TypeScript JSX", 0, 76, 0, 0, 0, 0, 0, 0, 0, 2, 5, 83
"/Users/kuben/projects/surge/surgelight/src/features/campaigns/folders/components/FolderSidebar.tsx", "TypeScript JSX", 0, 69, 0, 0, 0, 0, 0, 0, 0, 0, 4, 73
"/Users/kuben/projects/surge/surgelight/src/features/campaigns/folders/components/FolderSidebarHeader.tsx", "TypeScript JSX", 0, 35, 0, 0, 0, 0, 0, 0, 0, 0, 4, 39
"/Users/kuben/projects/surge/surgelight/src/features/campaigns/folders/components/ManageFolderTab.tsx", "TypeScript JSX", 0, 144, 0, 0, 0, 0, 0, 0, 0, 9, 17, 170
"/Users/kuben/projects/surge/surgelight/src/features/campaigns/folders/components/SelectableCampaignCard.tsx", "TypeScript JSX", 0, 78, 0, 0, 0, 0, 0, 0, 0, 0, 5, 83
"/Users/kuben/projects/surge/surgelight/src/features/campaigns/folders/components/SelectableCampaignGrid.tsx", "TypeScript JSX", 0, 78, 0, 0, 0, 0, 0, 0, 0, 1, 4, 83
"/Users/kuben/projects/surge/surgelight/src/features/campaigns/folders/components/SelectionControls.tsx", "TypeScript JSX", 0, 53, 0, 0, 0, 0, 0, 0, 0, 0, 6, 59
"/Users/kuben/projects/surge/surgelight/src/features/campaigns/folders/components/WelcomeView.tsx", "TypeScript JSX", 0, 25, 0, 0, 0, 0, 0, 0, 0, 0, 3, 28
"/Users/kuben/projects/surge/surgelight/src/features/campaigns/folders/dialogs/CreateFolderDialog.tsx", "TypeScript JSX", 0, 134, 0, 0, 0, 0, 0, 0, 0, 0, 12, 146
"/Users/kuben/projects/surge/surgelight/src/features/campaigns/folders/dialogs/FolderDeleteDialog.tsx", "TypeScript JSX", 0, 58, 0, 0, 0, 0, 0, 0, 0, 0, 3, 61
"/Users/kuben/projects/surge/surgelight/src/features/campaigns/folders/dialogs/FolderManagerDialog.tsx", "TypeScript JSX", 0, 48, 0, 0, 0, 0, 0, 0, 0, 3, 8, 59
"/Users/kuben/projects/surge/surgelight/src/features/campaigns/folders/hooks/useFolderActions.ts", "TypeScript", 19, 0, 0, 0, 0, 0, 0, 0, 0, 4, 5, 28
"/Users/kuben/projects/surge/surgelight/src/features/campaigns/folders/hooks/useFolderCampaigns.ts", "TypeScript", 51, 0, 0, 0, 0, 0, 0, 0, 0, 0, 6, 57
"/Users/kuben/projects/surge/surgelight/src/features/campaigns/folders/hooks/useFolderCreate.ts", "TypeScript", 69, 0, 0, 0, 0, 0, 0, 0, 0, 0, 10, 79
"/Users/kuben/projects/surge/surgelight/src/features/campaigns/folders/hooks/useFolderData.ts", "TypeScript", 51, 0, 0, 0, 0, 0, 0, 0, 0, 3, 8, 62
"/Users/kuben/projects/surge/surgelight/src/features/campaigns/folders/hooks/useFolderManagerLogic.ts", "TypeScript", 122, 0, 0, 0, 0, 0, 0, 0, 0, 11, 19, 152
"/Users/kuben/projects/surge/surgelight/src/features/campaigns/folders/hooks/useFolderModify.ts", "TypeScript", 77, 0, 0, 0, 0, 0, 0, 0, 0, 4, 13, 94
"/Users/kuben/projects/surge/surgelight/src/features/campaigns/folders/hooks/useFolderSidebar.ts", "TypeScript", 78, 0, 0, 0, 0, 0, 0, 0, 0, 4, 14, 96
"/Users/kuben/projects/surge/surgelight/src/features/campaigns/folders/index.ts", "TypeScript", 26, 0, 0, 0, 0, 0, 0, 0, 0, 4, 3, 33
"/Users/kuben/projects/surge/surgelight/src/features/campaigns/folders/types/folder-actions.types.ts", "TypeScript", 27, 0, 0, 0, 0, 0, 0, 0, 0, 5, 6, 38
"/Users/kuben/projects/surge/surgelight/src/features/campaigns/folders/types/folder-manager.types.ts", "TypeScript", 41, 0, 0, 0, 0, 0, 0, 0, 0, 3, 4, 48
"/Users/kuben/projects/surge/surgelight/src/features/campaigns/folders/types/folder-sidebar.types.ts", "TypeScript", 17, 0, 0, 0, 0, 0, 0, 0, 0, 1, 2, 20
"/Users/kuben/projects/surge/surgelight/src/features/campaigns/index.ts", "TypeScript", 11, 0, 0, 0, 0, 0, 0, 0, 0, 4, 2, 17
"/Users/kuben/projects/surge/surgelight/src/features/campaigns/list/CampaignListPage.tsx", "TypeScript JSX", 0, 88, 0, 0, 0, 0, 0, 0, 0, 11, 10, 109
"/Users/kuben/projects/surge/surgelight/src/features/campaigns/list/components/AvailableCampaignCard.tsx", "TypeScript JSX", 0, 68, 0, 0, 0, 0, 0, 0, 0, 0, 5, 73
"/Users/kuben/projects/surge/surgelight/src/features/campaigns/list/components/AvailableCampaigns.tsx", "TypeScript JSX", 0, 59, 0, 0, 0, 0, 0, 0, 0, 0, 7, 66
"/Users/kuben/projects/surge/surgelight/src/features/campaigns/list/components/AvailableCampaignsHeader.tsx", "TypeScript JSX", 0, 15, 0, 0, 0, 0, 0, 0, 0, 0, 3, 18
"/Users/kuben/projects/surge/surgelight/src/features/campaigns/list/components/CampaignActions.tsx", "TypeScript JSX", 0, 48, 0, 0, 0, 0, 0, 0, 0, 0, 3, 51
"/Users/kuben/projects/surge/surgelight/src/features/campaigns/list/components/CampaignBulkActions.tsx", "TypeScript JSX", 0, 47, 0, 0, 0, 0, 0, 0, 0, 0, 5, 52
"/Users/kuben/projects/surge/surgelight/src/features/campaigns/list/components/CampaignCard.tsx", "TypeScript JSX", 0, 151, 0, 0, 0, 0, 0, 0, 0, 0, 8, 159
"/Users/kuben/projects/surge/surgelight/src/features/campaigns/list/components/CampaignGrid.tsx", "TypeScript JSX", 0, 73, 0, 0, 0, 0, 0, 0, 0, 0, 5, 78
"/Users/kuben/projects/surge/surgelight/src/features/campaigns/list/components/CampaignGridView.tsx", "TypeScript JSX", 0, 25, 0, 0, 0, 0, 0, 0, 0, 0, 4, 29
"/Users/kuben/projects/surge/surgelight/src/features/campaigns/list/components/CampaignListLoader.tsx", "TypeScript JSX", 0, 5, 0, 0, 0, 0, 0, 0, 0, 0, 2, 7
"/Users/kuben/projects/surge/surgelight/src/features/campaigns/list/components/CampaignSearchInput.tsx", "TypeScript JSX", 0, 25, 0, 0, 0, 0, 0, 0, 0, 0, 3, 28
"/Users/kuben/projects/surge/surgelight/src/features/campaigns/list/components/CampaignTableView.tsx", "TypeScript JSX", 0, 161, 0, 0, 0, 0, 0, 0, 0, 0, 7, 168
"/Users/kuben/projects/surge/surgelight/src/features/campaigns/list/components/CampaignsHeader.tsx", "TypeScript JSX", 0, 131, 0, 0, 0, 0, 0, 0, 0, 3, 9, 143
"/Users/kuben/projects/surge/surgelight/src/features/campaigns/list/components/DeleteCampaignDialog.tsx", "TypeScript JSX", 0, 77, 0, 0, 0, 0, 0, 0, 0, 0, 6, 83
"/Users/kuben/projects/surge/surgelight/src/features/campaigns/list/components/RenameCampaignDialog.tsx", "TypeScript JSX", 0, 110, 0, 0, 0, 0, 0, 0, 0, 0, 11, 121
"/Users/kuben/projects/surge/surgelight/src/features/campaigns/list/components/index.ts", "TypeScript", 10, 0, 0, 0, 0, 0, 0, 0, 0, 1, 0, 11
"/Users/kuben/projects/surge/surgelight/src/features/campaigns/list/hooks/useAvailableCampaigns.ts", "TypeScript", 27, 0, 0, 0, 0, 0, 0, 0, 0, 0, 6, 33
"/Users/kuben/projects/surge/surgelight/src/features/campaigns/list/hooks/useCampaignData.ts", "TypeScript", 130, 0, 0, 0, 0, 0, 0, 0, 0, 12, 20, 162
"/Users/kuben/projects/surge/surgelight/src/features/campaigns/list/hooks/useCampaignSelection.ts", "TypeScript", 72, 0, 0, 0, 0, 0, 0, 0, 0, 14, 19, 105
"/Users/kuben/projects/surge/surgelight/src/features/campaigns/list/hooks/useSelectionLogic.ts", "TypeScript", 132, 0, 0, 0, 0, 0, 0, 0, 0, 13, 28, 173
"/Users/kuben/projects/surge/surgelight/src/features/campaigns/list/index.ts", "TypeScript", 10, 0, 0, 0, 0, 0, 0, 0, 0, 3, 2, 15
"/Users/kuben/projects/surge/surgelight/src/features/campaigns/videos/components/DateStep.tsx", "TypeScript JSX", 0, 35, 0, 0, 0, 0, 0, 0, 0, 0, 3, 38
"/Users/kuben/projects/surge/surgelight/src/features/campaigns/videos/components/ProfilesStep.tsx", "TypeScript JSX", 0, 134, 0, 0, 0, 0, 0, 0, 0, 1, 7, 142
"/Users/kuben/projects/surge/surgelight/src/features/campaigns/videos/components/ProgressModal.tsx", "TypeScript JSX", 0, 63, 0, 0, 0, 0, 0, 0, 0, 0, 8, 71
"/Users/kuben/projects/surge/surgelight/src/features/campaigns/videos/components/ReviewStep.tsx", "TypeScript JSX", 0, 126, 0, 0, 0, 0, 0, 0, 0, 0, 7, 133
"/Users/kuben/projects/surge/surgelight/src/features/campaigns/videos/components/ScheduleDialogContent.tsx", "TypeScript JSX", 0, 100, 0, 0, 0, 0, 0, 0, 0, 4, 12, 116
"/Users/kuben/projects/surge/surgelight/src/features/campaigns/videos/components/ScheduleDialogNavigation.tsx", "TypeScript JSX", 0, 68, 0, 0, 0, 0, 0, 0, 0, 0, 5, 73
"/Users/kuben/projects/surge/surgelight/src/features/campaigns/videos/components/StepIndicator.tsx", "TypeScript JSX", 0, 53, 0, 0, 0, 0, 0, 0, 0, 0, 4, 57
"/Users/kuben/projects/surge/surgelight/src/features/campaigns/videos/components/TimeStep.tsx", "TypeScript JSX", 0, 45, 0, 0, 0, 0, 0, 0, 0, 0, 3, 48
"/Users/kuben/projects/surge/surgelight/src/features/campaigns/videos/components/UnscheduleProgress.tsx", "TypeScript JSX", 0, 22, 0, 0, 0, 0, 0, 0, 0, 0, 4, 26
"/Users/kuben/projects/surge/surgelight/src/features/campaigns/videos/components/UnscheduleVideoHeader.tsx", "TypeScript JSX", 0, 38, 0, 0, 0, 0, 0, 0, 0, 0, 4, 42
"/Users/kuben/projects/surge/surgelight/src/features/campaigns/videos/components/UnscheduleVideoItem.tsx", "TypeScript JSX", 0, 77, 0, 0, 0, 0, 0, 0, 0, 0, 9, 86
"/Users/kuben/projects/surge/surgelight/src/features/campaigns/videos/components/VideoGrid.tsx", "TypeScript JSX", 0, 89, 0, 0, 0, 0, 0, 0, 0, 0, 5, 94
"/Users/kuben/projects/surge/surgelight/src/features/campaigns/videos/components/VideoTableView.tsx", "TypeScript JSX", 0, 147, 0, 0, 0, 0, 0, 0, 0, 7, 13, 167
"/Users/kuben/projects/surge/surgelight/src/features/campaigns/videos/components/ViewToggle.tsx", "TypeScript JSX", 0, 54, 0, 0, 0, 0, 0, 0, 0, 0, 6, 60
"/Users/kuben/projects/surge/surgelight/src/features/campaigns/videos/components/table/LazyVideo.tsx", "TypeScript JSX", 0, 36, 0, 0, 0, 0, 0, 0, 0, 1, 8, 45
"/Users/kuben/projects/surge/surgelight/src/features/campaigns/videos/components/table/PlatformActions.tsx", "TypeScript JSX", 0, 23, 0, 0, 0, 0, 0, 0, 0, 1, 4, 28
"/Users/kuben/projects/surge/surgelight/src/features/campaigns/videos/components/table/PlatformIcons.tsx", "TypeScript JSX", 0, 16, 0, 0, 0, 0, 0, 0, 0, 1, 3, 20
"/Users/kuben/projects/surge/surgelight/src/features/campaigns/videos/components/table/PlatformStatusBadge.tsx", "TypeScript JSX", 0, 131, 0, 0, 0, 0, 0, 0, 0, 4, 14, 149
"/Users/kuben/projects/surge/surgelight/src/features/campaigns/videos/components/table/ScheduledDate.tsx", "TypeScript JSX", 0, 24, 0, 0, 0, 0, 0, 0, 0, 0, 4, 28
"/Users/kuben/projects/surge/surgelight/src/features/campaigns/videos/components/table/VideoActions.tsx", "TypeScript JSX", 0, 36, 0, 0, 0, 0, 0, 0, 0, 0, 5, 41
"/Users/kuben/projects/surge/surgelight/src/features/campaigns/videos/components/table/VideoInfo.tsx", "TypeScript JSX", 0, 52, 0, 0, 0, 0, 0, 0, 0, 1, 5, 58
"/Users/kuben/projects/surge/surgelight/src/features/campaigns/videos/components/table/VideoRowSelection.tsx", "TypeScript JSX", 0, 35, 0, 0, 0, 0, 0, 0, 0, 2, 5, 42
"/Users/kuben/projects/surge/surgelight/src/features/campaigns/videos/components/table/VideoTableHeader.tsx", "TypeScript JSX", 0, 138, 0, 0, 0, 0, 0, 0, 0, 0, 6, 144
"/Users/kuben/projects/surge/surgelight/src/features/campaigns/videos/components/table/VideoTableRow.tsx", "TypeScript JSX", 0, 79, 0, 0, 0, 0, 0, 0, 0, 1, 9, 89
"/Users/kuben/projects/surge/surgelight/src/features/campaigns/videos/components/table/index.ts", "TypeScript", 12, 0, 0, 0, 0, 0, 0, 0, 0, 1, 1, 14
"/Users/kuben/projects/surge/surgelight/src/features/campaigns/videos/components/table/useVideoRowData.ts", "TypeScript", 31, 0, 0, 0, 0, 0, 0, 0, 0, 4, 7, 42
"/Users/kuben/projects/surge/surgelight/src/features/campaigns/videos/components/table/useVideoSelection.ts", "TypeScript", 76, 0, 0, 0, 0, 0, 0, 0, 0, 19, 17, 112
"/Users/kuben/projects/surge/surgelight/src/features/campaigns/videos/constants/platforms.tsx", "TypeScript JSX", 0, 49, 0, 0, 0, 0, 0, 0, 0, 3, 5, 57
"/Users/kuben/projects/surge/surgelight/src/features/campaigns/videos/dialogs/ScheduleDialog.tsx", "TypeScript JSX", 0, 117, 0, 0, 0, 0, 0, 0, 0, 6, 13, 136
"/Users/kuben/projects/surge/surgelight/src/features/campaigns/videos/dialogs/UnscheduleDialog.tsx", "TypeScript JSX", 0, 120, 0, 0, 0, 0, 0, 0, 0, 7, 11, 138
"/Users/kuben/projects/surge/surgelight/src/features/campaigns/videos/hooks/useProfileSelection.ts", "TypeScript", 116, 0, 0, 0, 0, 0, 0, 0, 0, 10, 31, 157
"/Users/kuben/projects/surge/surgelight/src/features/campaigns/videos/hooks/useScheduleCalculation.ts", "TypeScript", 88, 0, 0, 0, 0, 0, 0, 0, 0, 2, 19, 109
"/Users/kuben/projects/surge/surgelight/src/features/campaigns/videos/hooks/useScheduleDialogState.ts", "TypeScript", 54, 0, 0, 0, 0, 0, 0, 0, 0, 5, 10, 69
"/Users/kuben/projects/surge/surgelight/src/features/campaigns/videos/hooks/useScheduleLogic.ts", "TypeScript", 69, 0, 0, 0, 0, 0, 0, 0, 0, 3, 7, 79
"/Users/kuben/projects/surge/surgelight/src/features/campaigns/videos/hooks/useScheduleState.ts", "TypeScript", 36, 0, 0, 0, 0, 0, 0, 0, 0, 0, 4, 40
"/Users/kuben/projects/surge/surgelight/src/features/campaigns/videos/hooks/useScheduleSubmission.ts", "TypeScript", 83, 0, 0, 0, 0, 0, 0, 0, 0, 6, 18, 107
"/Users/kuben/projects/surge/surgelight/src/features/campaigns/videos/hooks/useUnscheduleLogic.ts", "TypeScript", 82, 0, 0, 0, 0, 0, 0, 0, 0, 1, 18, 101
"/Users/kuben/projects/surge/surgelight/src/features/campaigns/videos/hooks/useVideoDownload.ts", "TypeScript", 100, 0, 0, 0, 0, 0, 0, 0, 0, 9, 20, 129
"/Users/kuben/projects/surge/surgelight/src/features/campaigns/videos/hooks/useVideoFiltering.ts", "TypeScript", 68, 0, 0, 0, 0, 0, 0, 0, 0, 0, 18, 86
"/Users/kuben/projects/surge/surgelight/src/features/campaigns/videos/hooks/useVideoTableActions.ts", "TypeScript", 41, 0, 0, 0, 0, 0, 0, 0, 0, 3, 9, 53
"/Users/kuben/projects/surge/surgelight/src/features/campaigns/videos/index.ts", "TypeScript", 21, 0, 0, 0, 0, 0, 0, 0, 0, 5, 4, 30
"/Users/kuben/projects/surge/surgelight/src/features/campaigns/videos/types/schedule.types.ts", "TypeScript", 36, 0, 0, 0, 0, 0, 0, 0, 0, 0, 6, 42
"/Users/kuben/projects/surge/surgelight/src/features/campaigns/videos/types/unschedule.types.ts", "TypeScript", 24, 0, 0, 0, 0, 0, 0, 0, 0, 0, 3, 27
"/Users/kuben/projects/surge/surgelight/src/features/campaigns/videos/utils/schedule-generation.utils.ts", "TypeScript", 58, 0, 0, 0, 0, 0, 0, 0, 0, 1, 9, 68
"/Users/kuben/projects/surge/surgelight/src/features/campaigns/videos/utils/schedule-iterators.utils.ts", "TypeScript", 18, 0, 0, 0, 0, 0, 0, 0, 0, 1, 1, 20
"/Users/kuben/projects/surge/surgelight/src/features/campaigns/videos/utils/schedule-tracker.utils.ts", "TypeScript", 82, 0, 0, 0, 0, 0, 0, 0, 0, 3, 9, 94
"/Users/kuben/projects/surge/surgelight/src/features/campaigns/videos/utils/schedule-validation.utils.ts", "TypeScript", 54, 0, 0, 0, 0, 0, 0, 0, 0, 9, 7, 70
"/Users/kuben/projects/surge/surgelight/src/features/campaigns/videos/utils/video-status.utils.ts", "TypeScript", 46, 0, 0, 0, 0, 0, 0, 0, 0, 0, 10, 56
"/Users/kuben/projects/surge/surgelight/src/features/credits/components/credit-expiration-notice.tsx", "TypeScript JSX", 0, 13, 0, 0, 0, 0, 0, 0, 0, 0, 2, 15
"/Users/kuben/projects/surge/surgelight/src/features/credits/components/credit-option-card.tsx", "TypeScript JSX", 0, 51, 0, 0, 0, 0, 0, 0, 0, 0, 6, 57
"/Users/kuben/projects/surge/surgelight/src/features/credits/components/credits-dialog.tsx", "TypeScript JSX", 0, 72, 0, 0, 0, 0, 0, 0, 0, 0, 8, 80
"/Users/kuben/projects/surge/surgelight/src/features/credits/components/credits-display.tsx", "TypeScript JSX", 0, 68, 0, 0, 0, 0, 0, 0, 0, 2, 12, 82
"/Users/kuben/projects/surge/surgelight/src/features/credits/components/subscription-required-notice.tsx", "TypeScript JSX", 0, 35, 0, 0, 0, 0, 0, 0, 0, 0, 2, 37
"/Users/kuben/projects/surge/surgelight/src/features/credits/constants/credit-options.ts", "TypeScript", 32, 0, 0, 0, 0, 0, 0, 0, 0, 0, 1, 33
"/Users/kuben/projects/surge/surgelight/src/features/credits/hooks/useCredits.ts", "TypeScript", 38, 0, 0, 0, 0, 0, 0, 0, 0, 0, 7, 45
"/Users/kuben/projects/surge/surgelight/src/features/credits/index.ts", "TypeScript", 23, 0, 0, 0, 0, 0, 0, 0, 0, 5, 4, 32
"/Users/kuben/projects/surge/surgelight/src/features/credits/types/credits.types.ts", "TypeScript", 45, 0, 0, 0, 0, 0, 0, 0, 0, 0, 8, 53
"/Users/kuben/projects/surge/surgelight/src/features/credits/utils/credit-utils.ts", "TypeScript", 15, 0, 0, 0, 0, 0, 0, 0, 0, 21, 4, 40
"/Users/kuben/projects/surge/surgelight/src/features/main-analytics/AnalyticsPage.tsx", "TypeScript JSX", 0, 70, 0, 0, 0, 0, 0, 0, 0, 9, 9, 88
"/Users/kuben/projects/surge/surgelight/src/features/main-analytics/components/AnalyticsContent.tsx", "TypeScript JSX", 0, 80, 0, 0, 0, 0, 0, 0, 0, 5, 8, 93
"/Users/kuben/projects/surge/surgelight/src/features/main-analytics/components/AnalyticsGrid.tsx", "TypeScript JSX", 0, 74, 0, 0, 0, 0, 0, 0, 0, 8, 10, 92
"/Users/kuben/projects/surge/surgelight/src/features/main-analytics/components/ErrorStates.tsx", "TypeScript JSX", 0, 32, 0, 0, 0, 0, 0, 0, 0, 3, 4, 39
"/Users/kuben/projects/surge/surgelight/src/features/main-analytics/components/LoadingStates.tsx", "TypeScript JSX", 0, 44, 0, 0, 0, 0, 0, 0, 0, 3, 3, 50
"/Users/kuben/projects/surge/surgelight/src/features/main-analytics/components/sections/ChartsSection.tsx", "TypeScript JSX", 0, 60, 0, 0, 0, 0, 0, 0, 0, 4, 4, 68
"/Users/kuben/projects/surge/surgelight/src/features/main-analytics/components/sections/CommentsSection.tsx", "TypeScript JSX", 0, 17, 0, 0, 0, 0, 0, 0, 0, 5, 4, 26
"/Users/kuben/projects/surge/surgelight/src/features/main-analytics/components/sections/KpiSection.tsx", "TypeScript JSX", 0, 34, 0, 0, 0, 0, 0, 0, 0, 4, 3, 41
"/Users/kuben/projects/surge/surgelight/src/features/main-analytics/constants/filters.constants.ts", "TypeScript", 12, 0, 0, 0, 0, 0, 0, 0, 0, 10, 4, 26
"/Users/kuben/projects/surge/surgelight/src/features/main-analytics/constants/metrics.constants.tsx", "TypeScript JSX", 0, 40, 0, 0, 0, 0, 0, 0, 0, 2, 3, 45
"/Users/kuben/projects/surge/surgelight/src/features/main-analytics/hooks/useAnalyticsData.ts", "TypeScript", 45, 0, 0, 0, 0, 0, 0, 0, 0, 0, 7, 52
"/Users/kuben/projects/surge/surgelight/src/features/main-analytics/hooks/useAnalyticsFilters.ts", "TypeScript", 19, 0, 0, 0, 0, 0, 0, 0, 0, 9, 6, 34
"/Users/kuben/projects/surge/surgelight/src/features/main-analytics/hooks/useAnalyticsRefresh.ts", "TypeScript", 33, 0, 0, 0, 0, 0, 0, 0, 0, 0, 6, 39
"/Users/kuben/projects/surge/surgelight/src/features/main-analytics/hooks/useAnalyticsState.ts", "TypeScript", 63, 0, 0, 0, 0, 0, 0, 0, 0, 17, 17, 97
"/Users/kuben/projects/surge/surgelight/src/features/main-analytics/hooks/useAnalyticsTransform.ts", "TypeScript", 43, 0, 0, 0, 0, 0, 0, 0, 0, 8, 7, 58
"/Users/kuben/projects/surge/surgelight/src/features/main-analytics/hooks/useCampaignData.ts", "TypeScript", 30, 0, 0, 0, 0, 0, 0, 0, 0, 6, 8, 44
"/Users/kuben/projects/surge/surgelight/src/features/main-analytics/hooks/useMetricCalculations.ts", "TypeScript", 1, 0, 0, 0, 0, 0, 0, 0, 0, 1, 0, 2
"/Users/kuben/projects/surge/surgelight/src/features/main-analytics/index.ts", "TypeScript", 40, 0, 0, 0, 0, 0, 0, 0, 0, 8, 7, 55
"/Users/kuben/projects/surge/surgelight/src/features/main-analytics/types/analytics.types.ts", "TypeScript", 1, 0, 0, 0, 0, 0, 0, 0, 0, 1, 0, 2
"/Users/kuben/projects/surge/surgelight/src/features/main-analytics/utils/analytics.utils.ts", "TypeScript", 11, 0, 0, 0, 0, 0, 0, 0, 0, 2, 1, 14
"/Users/kuben/projects/surge/surgelight/src/features/main-analytics/utils/transform.utils.ts", "TypeScript", 76, 0, 0, 0, 0, 0, 0, 0, 0, 21, 6, 103
"/Users/kuben/projects/surge/surgelight/src/features/navigation/components/app-sidebar.tsx", "TypeScript JSX", 0, 36, 0, 0, 0, 0, 0, 0, 0, 3, 5, 44
"/Users/kuben/projects/surge/surgelight/src/features/navigation/components/custom-sidebar.tsx", "TypeScript JSX", 0, 61, 0, 0, 0, 0, 0, 0, 0, 0, 5, 66
"/Users/kuben/projects/surge/surgelight/src/features/navigation/components/layout-wrapper.tsx", "TypeScript JSX", 0, 76, 0, 0, 0, 0, 0, 0, 0, 2, 10, 88
"/Users/kuben/projects/surge/surgelight/src/features/navigation/components/nav-main.tsx", "TypeScript JSX", 0, 45, 0, 0, 0, 0, 0, 0, 0, 0, 4, 49
"/Users/kuben/projects/surge/surgelight/src/features/navigation/components/nav-projects.tsx", "TypeScript JSX", 0, 118, 0, 0, 0, 0, 0, 0, 0, 1, 7, 126
"/Users/kuben/projects/surge/surgelight/src/features/navigation/components/nav-user.tsx", "TypeScript JSX", 0, 151, 0, 0, 0, 0, 0, 0, 0, 2, 10, 163
"/Users/kuben/projects/surge/surgelight/src/features/navigation/components/team-switcher.tsx", "TypeScript JSX", 0, 116, 0, 0, 0, 0, 0, 0, 0, 2, 10, 128
"/Users/kuben/projects/surge/surgelight/src/features/navigation/constants/navigation.constants.ts", "TypeScript", 82, 0, 0, 0, 0, 0, 0, 0, 0, 4, 4, 90
"/Users/kuben/projects/surge/surgelight/src/features/navigation/hooks/useLogo.ts", "TypeScript", 44, 0, 0, 0, 0, 0, 0, 0, 0, 0, 8, 52
"/Users/kuben/projects/surge/surgelight/src/features/navigation/index.ts", "TypeScript", 34, 0, 0, 0, 0, 0, 0, 0, 0, 6, 5, 45
"/Users/kuben/projects/surge/surgelight/src/features/navigation/types/navigation.types.ts", "TypeScript", 47, 0, 0, 0, 0, 0, 0, 0, 0, 1, 11, 59
"/Users/kuben/projects/surge/surgelight/src/features/navigation/utils/validation.utils.ts", "TypeScript", 53, 0, 0, 0, 0, 0, 0, 0, 0, 18, 13, 84
"/Users/kuben/projects/surge/surgelight/src/features/pricing/PricingPage.tsx", "TypeScript JSX", 0, 106, 0, 0, 0, 0, 0, 0, 0, 0, 14, 120
"/Users/kuben/projects/surge/surgelight/src/features/pricing/components/BillingManagementButton.tsx", "TypeScript JSX", 0, 17, 0, 0, 0, 0, 0, 0, 0, 0, 2, 19
"/Users/kuben/projects/surge/surgelight/src/features/pricing/components/PricingCard.tsx", "TypeScript JSX", 0, 74, 0, 0, 0, 0, 0, 0, 0, 4, 6, 84
"/Users/kuben/projects/surge/surgelight/src/features/pricing/components/PricingCardActions.tsx", "TypeScript JSX", 0, 64, 0, 0, 0, 0, 0, 0, 0, 0, 6, 70
"/Users/kuben/projects/surge/surgelight/src/features/pricing/components/PricingCardSkeleton.tsx", "TypeScript JSX", 0, 19, 0, 0, 0, 0, 0, 0, 0, 0, 2, 21
"/Users/kuben/projects/surge/surgelight/src/features/pricing/components/PricingGrid.tsx", "TypeScript JSX", 0, 32, 0, 0, 0, 0, 0, 0, 0, 0, 2, 34
"/Users/kuben/projects/surge/surgelight/src/features/pricing/components/PricingToggle.tsx", "TypeScript JSX", 0, 30, 0, 0, 0, 0, 0, 0, 0, 0, 2, 32
"/Users/kuben/projects/surge/surgelight/src/features/pricing/components/StatusBadge.tsx", "TypeScript JSX", 0, 31, 0, 0, 0, 0, 0, 0, 0, 0, 4, 35
"/Users/kuben/projects/surge/surgelight/src/features/pricing/components/TrialBanner.tsx", "TypeScript JSX", 0, 35, 0, 0, 0, 0, 0, 0, 0, 0, 2, 37
"/Users/kuben/projects/surge/surgelight/src/features/pricing/constants/plans.constants.ts", "TypeScript", 133, 0, 0, 0, 0, 0, 0, 0, 0, 16, 13, 162
"/Users/kuben/projects/surge/surgelight/src/features/pricing/dialogs/TrialDialog.tsx", "TypeScript JSX", 0, 104, 0, 0, 0, 0, 0, 0, 0, 0, 5, 109
"/Users/kuben/projects/surge/surgelight/src/features/pricing/hooks/useCheckoutSession.ts", "TypeScript", 34, 0, 0, 0, 0, 0, 0, 0, 0, 6, 9, 49
"/Users/kuben/projects/surge/surgelight/src/features/pricing/hooks/usePortalSession.ts", "TypeScript", 28, 0, 0, 0, 0, 0, 0, 0, 0, 5, 8, 41
"/Users/kuben/projects/surge/surgelight/src/features/pricing/hooks/usePricingPlans.ts", "TypeScript", 42, 0, 0, 0, 0, 0, 0, 0, 0, 8, 7, 57
"/Users/kuben/projects/surge/surgelight/src/features/pricing/hooks/useTrialManagement.ts", "TypeScript", 48, 0, 0, 0, 0, 0, 0, 0, 0, 5, 10, 63
"/Users/kuben/projects/surge/surgelight/src/features/pricing/index.ts", "TypeScript", 59, 0, 0, 0, 0, 0, 0, 0, 0, 7, 6, 72
"/Users/kuben/projects/surge/surgelight/src/features/pricing/types/pricing.types.ts", "TypeScript", 92, 0, 0, 0, 0, 0, 0, 0, 0, 6, 16, 114
"/Users/kuben/projects/surge/surgelight/src/features/pricing/utils/pricing.utils.ts", "TypeScript", 68, 0, 0, 0, 0, 0, 0, 0, 0, 48, 16, 132
"/Users/kuben/projects/surge/surgelight/src/features/public-reports/index.ts", "TypeScript", 14, 0, 0, 0, 0, 0, 0, 0, 0, 3, 2, 19
"/Users/kuben/projects/surge/surgelight/src/features/public-reports/landing/PublicReportsLandingPage.tsx", "TypeScript JSX", 0, 16, 0, 0, 0, 0, 0, 0, 0, 0, 0, 16
"/Users/kuben/projects/surge/surgelight/src/features/public-reports/landing/index.ts", "TypeScript", 1, 0, 0, 0, 0, 0, 0, 0, 0, 0, 0, 1
"/Users/kuben/projects/surge/surgelight/src/features/public-reports/shared/index.ts", "TypeScript", 2, 0, 0, 0, 0, 0, 0, 0, 0, 1, 0, 3
"/Users/kuben/projects/surge/surgelight/src/features/public-reports/shared/types/animation.types.ts", "TypeScript", 25, 0, 0, 0, 0, 0, 0, 0, 0, 7, 7, 39
"/Users/kuben/projects/surge/surgelight/src/features/public-reports/shared/types/ui.types.ts", "TypeScript", 33, 0, 0, 0, 0, 0, 0, 0, 0, 9, 8, 50
"/Users/kuben/projects/surge/surgelight/src/features/public-reports/viewer/PublicReportViewerPage.tsx", "TypeScript JSX", 0, 16, 0, 0, 0, 0, 0, 0, 0, 0, 3, 19
"/Users/kuben/projects/surge/surgelight/src/features/public-reports/viewer/components/AnimatedReportLayout.tsx", "TypeScript JSX", 0, 22, 0, 0, 0, 0, 0, 0, 0, 3, 3, 28
"/Users/kuben/projects/surge/surgelight/src/features/public-reports/viewer/components/DateRangeSelector.tsx", "TypeScript JSX", 0, 18, 0, 0, 0, 0, 0, 0, 0, 0, 2, 20
"/Users/kuben/projects/surge/surgelight/src/features/public-reports/viewer/components/EmptyContentState.tsx", "TypeScript JSX", 0, 28, 0, 0, 0, 0, 0, 0, 0, 0, 2, 30
"/Users/kuben/projects/surge/surgelight/src/features/public-reports/viewer/components/EmptyState.tsx", "TypeScript JSX", 0, 30, 0, 0, 0, 0, 0, 0, 0, 0, 2, 32
"/Users/kuben/projects/surge/surgelight/src/features/public-reports/viewer/components/ErrorState.tsx", "TypeScript JSX", 0, 51, 0, 0, 0, 0, 0, 0, 0, 0, 4, 55
"/Users/kuben/projects/surge/surgelight/src/features/public-reports/viewer/components/LoadingState.tsx", "TypeScript JSX", 0, 27, 0, 0, 0, 0, 0, 0, 0, 0, 2, 29
"/Users/kuben/projects/surge/surgelight/src/features/public-reports/viewer/components/PublicReportContent.tsx", "TypeScript JSX", 0, 97, 0, 0, 0, 0, 0, 0, 0, 12, 13, 122
"/Users/kuben/projects/surge/surgelight/src/features/public-reports/viewer/components/PublicReportHeader.tsx", "TypeScript JSX", 0, 20, 0, 0, 0, 0, 0, 0, 0, 0, 3, 23
"/Users/kuben/projects/surge/surgelight/src/features/public-reports/viewer/components/ReportFooter.tsx", "TypeScript JSX", 0, 13, 0, 0, 0, 0, 0, 0, 0, 3, 2, 18
"/Users/kuben/projects/surge/surgelight/src/features/public-reports/viewer/components/ReportHeader.tsx", "TypeScript JSX", 0, 12, 0, 0, 0, 0, 0, 0, 0, 0, 1, 13
"/Users/kuben/projects/surge/surgelight/src/features/public-reports/viewer/components/ReportHeaderWithDateRange.tsx", "TypeScript JSX", 0, 33, 0, 0, 0, 0, 0, 0, 0, 4, 3, 40
"/Users/kuben/projects/surge/surgelight/src/features/public-reports/viewer/components/index.ts", "TypeScript", 11, 0, 0, 0, 0, 0, 0, 0, 0, 0, 0, 11
"/Users/kuben/projects/surge/surgelight/src/features/public-reports/viewer/constants/animations.constants.ts", "TypeScript", 47, 0, 0, 0, 0, 0, 0, 0, 0, 3, 8, 58
"/Users/kuben/projects/surge/surgelight/src/features/public-reports/viewer/constants/index.ts", "TypeScript", 2, 0, 0, 0, 0, 0, 0, 0, 0, 0, 0, 2
"/Users/kuben/projects/surge/surgelight/src/features/public-reports/viewer/constants/metrics.constants.ts", "TypeScript", 3, 0, 0, 0, 0, 0, 0, 0, 0, 0, 0, 3
"/Users/kuben/projects/surge/surgelight/src/features/public-reports/viewer/hooks/index.ts", "TypeScript", 7, 0, 0, 0, 0, 0, 0, 0, 0, 0, 0, 7
"/Users/kuben/projects/surge/surgelight/src/features/public-reports/viewer/hooks/useMetricCalculations.ts", "TypeScript", 26, 0, 0, 0, 0, 0, 0, 0, 0, 7, 6, 39
"/Users/kuben/projects/surge/surgelight/src/features/public-reports/viewer/hooks/usePagination.ts", "TypeScript", 14, 0, 0, 0, 0, 0, 0, 0, 0, 0, 4, 18
"/Users/kuben/projects/surge/surgelight/src/features/public-reports/viewer/hooks/usePublicReportState.ts", "TypeScript", 35, 0, 0, 0, 0, 0, 0, 0, 0, 12, 9, 56
"/Users/kuben/projects/surge/surgelight/src/features/public-reports/viewer/hooks/useReportData.ts", "TypeScript", 1, 0, 0, 0, 0, 0, 0, 0, 0, 0, 0, 1
"/Users/kuben/projects/surge/surgelight/src/features/public-reports/viewer/hooks/useReportNavigation.ts", "TypeScript", 18, 0, 0, 0, 0, 0, 0, 0, 0, 3, 5, 26
"/Users/kuben/projects/surge/surgelight/src/features/public-reports/viewer/hooks/useShareIdValidation.ts", "TypeScript", 14, 0, 0, 0, 0, 0, 0, 0, 0, 4, 3, 21
"/Users/kuben/projects/surge/surgelight/src/features/public-reports/viewer/hooks/useSharedReport.ts", "TypeScript", 60, 0, 0, 0, 0, 0, 0, 0, 0, 1, 8, 69
"/Users/kuben/projects/surge/surgelight/src/features/public-reports/viewer/index.ts", "TypeScript", 35, 0, 0, 0, 0, 0, 0, 0, 0, 6, 5, 46
"/Users/kuben/projects/surge/surgelight/src/features/public-reports/viewer/sections/CommentsView.tsx", "TypeScript JSX", 0, 20, 0, 0, 0, 0, 0, 0, 0, 0, 4, 24
"/Users/kuben/projects/surge/surgelight/src/features/public-reports/viewer/sections/PerformanceCharts.tsx", "TypeScript JSX", 0, 72, 0, 0, 0, 0, 0, 0, 0, 0, 4, 76
"/Users/kuben/projects/surge/surgelight/src/features/public-reports/viewer/sections/PerformanceSummary.tsx", "TypeScript JSX", 0, 49, 0, 0, 0, 0, 0, 0, 0, 0, 3, 52
"/Users/kuben/projects/surge/surgelight/src/features/public-reports/viewer/types/index.ts", "TypeScript", 1, 0, 0, 0, 0, 0, 0, 0, 0, 0, 0, 1
"/Users/kuben/projects/surge/surgelight/src/features/public-reports/viewer/types/public-report.types.ts", "TypeScript", 94, 0, 0, 0, 0, 0, 0, 0, 0, 11, 16, 121
"/Users/kuben/projects/surge/surgelight/src/features/public-reports/viewer/utils/date-formatting.utils.ts", "TypeScript", 7, 0, 0, 0, 0, 0, 0, 0, 0, 0, 0, 7
"/Users/kuben/projects/surge/surgelight/src/features/public-reports/viewer/utils/error-handling.utils.ts", "TypeScript", 56, 0, 0, 0, 0, 0, 0, 0, 0, 11, 8, 75
"/Users/kuben/projects/surge/surgelight/src/features/public-reports/viewer/utils/error-ui.utils.tsx", "TypeScript JSX", 0, 37, 0, 0, 0, 0, 0, 0, 0, 6, 5, 48
"/Users/kuben/projects/surge/surgelight/src/features/public-reports/viewer/utils/index.ts", "TypeScript", 10, 0, 0, 0, 0, 0, 0, 0, 0, 0, 0, 10
"/Users/kuben/projects/surge/surgelight/src/features/public-reports/viewer/utils/metric-calculations.ts", "TypeScript", 1, 0, 0, 0, 0, 0, 0, 0, 0, 1, 0, 2
"/Users/kuben/projects/surge/surgelight/src/features/public-reports/viewer/utils/metric-info.tsx", "TypeScript JSX", 0, 28, 0, 0, 0, 0, 0, 0, 0, 0, 1, 29
"/Users/kuben/projects/surge/surgelight/src/features/reports/create/ReportCreatePage.tsx", "TypeScript JSX", 0, 17, 0, 0, 0, 0, 0, 0, 0, 0, 3, 20
"/Users/kuben/projects/surge/surgelight/src/features/reports/create/hooks/useCreateReport.ts", "TypeScript", 36, 0, 0, 0, 0, 0, 0, 0, 0, 2, 5, 43
"/Users/kuben/projects/surge/surgelight/src/features/reports/create/index.ts", "TypeScript", 2, 0, 0, 0, 0, 0, 0, 0, 0, 1, 1, 4
"/Users/kuben/projects/surge/surgelight/src/features/reports/detail/ReportDetailPage.tsx", "TypeScript JSX", 0, 9, 0, 0, 0, 0, 0, 0, 0, 0, 2, 11
"/Users/kuben/projects/surge/surgelight/src/features/reports/detail/components/AnalyticsChartsSection.tsx", "TypeScript JSX", 0, 59, 0, 0, 0, 0, 0, 0, 0, 2, 6, 67
"/Users/kuben/projects/surge/surgelight/src/features/reports/detail/components/AnalyticsContent.tsx", "TypeScript JSX", 0, 99, 0, 0, 0, 0, 0, 0, 0, 0, 9, 108
"/Users/kuben/projects/surge/surgelight/src/features/reports/detail/components/AnalyticsDialogs.tsx", "TypeScript JSX", 0, 65, 0, 0, 0, 0, 0, 0, 0, 5, 9, 79
"/Users/kuben/projects/surge/surgelight/src/features/reports/detail/components/DeleteReportDialog.tsx", "TypeScript JSX", 0, 57, 0, 0, 0, 0, 0, 0, 0, 0, 3, 60
"/Users/kuben/projects/surge/surgelight/src/features/reports/detail/components/ReportAnalyticsClient.tsx", "TypeScript JSX", 0, 105, 0, 0, 0, 0, 0, 0, 0, 8, 15, 128
"/Users/kuben/projects/surge/surgelight/src/features/reports/detail/components/ReportHeader.tsx", "TypeScript JSX", 0, 87, 0, 0, 0, 0, 0, 0, 0, 0, 4, 91
"/Users/kuben/projects/surge/surgelight/src/features/reports/detail/components/ReportLoadingStates.tsx", "TypeScript JSX", 0, 73, 0, 0, 0, 0, 0, 0, 0, 4, 7, 84
"/Users/kuben/projects/surge/surgelight/src/features/reports/detail/components/ShareReportDialog.tsx", "TypeScript JSX", 0, 59, 0, 0, 0, 0, 0, 0, 0, 0, 3, 62
"/Users/kuben/projects/surge/surgelight/src/features/reports/detail/constants/analytics.constants.tsx", "TypeScript JSX", 0, 46, 0, 0, 0, 0, 0, 0, 0, 3, 4, 53
"/Users/kuben/projects/surge/surgelight/src/features/reports/detail/hooks/useAnalyticsState.ts", "TypeScript", 31, 0, 0, 0, 0, 0, 0, 0, 0, 6, 7, 44
"/Users/kuben/projects/surge/surgelight/src/features/reports/detail/hooks/useReportActions.ts", "TypeScript", 36, 0, 0, 0, 0, 0, 0, 0, 0, 7, 9, 52
"/Users/kuben/projects/surge/surgelight/src/features/reports/detail/hooks/useReportAnalytics.ts", "TypeScript", 105, 0, 0, 0, 0, 0, 0, 0, 0, 16, 23, 144
"/Users/kuben/projects/surge/surgelight/src/features/reports/detail/hooks/useReportAnalyticsData.ts", "TypeScript", 167, 0, 0, 0, 0, 0, 0, 0, 0, 7, 20, 194
"/Users/kuben/projects/surge/surgelight/src/features/reports/detail/hooks/useReportDelete.ts", "TypeScript", 37, 0, 0, 0, 0, 0, 0, 0, 0, 0, 6, 43
"/Users/kuben/projects/surge/surgelight/src/features/reports/detail/hooks/useReportShare.ts", "TypeScript", 57, 0, 0, 0, 0, 0, 0, 0, 0, 0, 8, 65
"/Users/kuben/projects/surge/surgelight/src/features/reports/detail/hooks/useReportVideoManagement.ts", "TypeScript", 38, 0, 0, 0, 0, 0, 0, 0, 0, 1, 8, 47
"/Users/kuben/projects/surge/surgelight/src/features/reports/detail/index.ts", "TypeScript", 18, 0, 0, 0, 0, 0, 0, 0, 0, 4, 4, 26
"/Users/kuben/projects/surge/surgelight/src/features/reports/detail/types/analytics-content.types.ts", "TypeScript", 45, 0, 0, 0, 0, 0, 0, 0, 0, 0, 5, 50
"/Users/kuben/projects/surge/surgelight/src/features/reports/detail/utils/analytics.utils.ts", "TypeScript", 11, 0, 0, 0, 0, 0, 0, 0, 0, 1, 0, 12
"/Users/kuben/projects/surge/surgelight/src/features/reports/edit/ReportEditPage.tsx", "TypeScript JSX", 0, 57, 0, 0, 0, 0, 0, 0, 0, 3, 9, 69
"/Users/kuben/projects/surge/surgelight/src/features/reports/edit/hooks/useEditReport.ts", "TypeScript", 37, 0, 0, 0, 0, 0, 0, 0, 0, 2, 5, 44
"/Users/kuben/projects/surge/surgelight/src/features/reports/edit/index.ts", "TypeScript", 2, 0, 0, 0, 0, 0, 0, 0, 0, 1, 1, 4
"/Users/kuben/projects/surge/surgelight/src/features/reports/index.ts", "TypeScript", 4, 0, 0, 0, 0, 0, 0, 0, 0, 1, 0, 5
"/Users/kuben/projects/surge/surgelight/src/features/reports/list/ReportsListPage.tsx", "TypeScript JSX", 0, 47, 0, 0, 0, 0, 0, 0, 0, 0, 7, 54
"/Users/kuben/projects/surge/surgelight/src/features/reports/list/components/DeleteReportDialog.tsx", "TypeScript JSX", 0, 56, 0, 0, 0, 0, 0, 0, 0, 0, 3, 59
"/Users/kuben/projects/surge/surgelight/src/features/reports/list/components/ReportsListHeader.tsx", "TypeScript JSX", 0, 22, 0, 0, 0, 0, 0, 0, 0, 0, 2, 24
"/Users/kuben/projects/surge/surgelight/src/features/reports/list/components/ReportsListStates.tsx", "TypeScript JSX", 0, 56, 0, 0, 0, 0, 0, 0, 0, 0, 6, 62
"/Users/kuben/projects/surge/surgelight/src/features/reports/list/components/ReportsTable.tsx", "TypeScript JSX", 0, 104, 0, 0, 0, 0, 0, 0, 0, 0, 3, 107
"/Users/kuben/projects/surge/surgelight/src/features/reports/list/hooks/useReportsList.ts", "TypeScript", 48, 0, 0, 0, 0, 0, 0, 0, 0, 1, 9, 58
"/Users/kuben/projects/surge/surgelight/src/features/reports/list/index.ts", "TypeScript", 6, 0, 0, 0, 0, 0, 0, 0, 0, 2, 2, 10
"/Users/kuben/projects/surge/surgelight/src/features/reports/shared/components/CampaignSearchBar.tsx", "TypeScript JSX", 0, 25, 0, 0, 0, 0, 0, 0, 0, 0, 3, 28
"/Users/kuben/projects/surge/surgelight/src/features/reports/shared/components/CampaignSelectionCard.tsx", "TypeScript JSX", 0, 182, 0, 0, 0, 0, 0, 0, 0, 13, 18, 213
"/Users/kuben/projects/surge/surgelight/src/features/reports/shared/components/CampaignSelectionHeader.tsx", "TypeScript JSX", 0, 16, 0, 0, 0, 0, 0, 0, 0, 0, 2, 18
"/Users/kuben/projects/surge/surgelight/src/features/reports/shared/components/ReportForm.tsx", "TypeScript JSX", 0, 84, 0, 0, 0, 0, 0, 0, 0, 2, 11, 97
"/Users/kuben/projects/surge/surgelight/src/features/reports/shared/components/ReportFormActions.tsx", "TypeScript JSX", 0, 38, 0, 0, 0, 0, 0, 0, 0, 0, 4, 42
"/Users/kuben/projects/surge/surgelight/src/features/reports/shared/components/ReportNameField.tsx", "TypeScript JSX", 0, 40, 0, 0, 0, 0, 0, 0, 0, 0, 3, 43
"/Users/kuben/projects/surge/surgelight/src/features/reports/shared/components/SelectableCampaignCard.tsx", "TypeScript JSX", 0, 78, 0, 0, 0, 0, 0, 0, 0, 0, 5, 83
"/Users/kuben/projects/surge/surgelight/src/features/reports/shared/components/SelectableCampaignGrid.tsx", "TypeScript JSX", 0, 76, 0, 0, 0, 0, 0, 0, 0, 1, 3, 80
"/Users/kuben/projects/surge/surgelight/src/features/reports/shared/components/SelectionControls.tsx", "TypeScript JSX", 0, 53, 0, 0, 0, 0, 0, 0, 0, 0, 6, 59
"/Users/kuben/projects/surge/surgelight/src/features/reports/shared/hooks/useCampaignSelection.ts", "TypeScript", 35, 0, 0, 0, 0, 0, 0, 0, 0, 1, 8, 44
"/Users/kuben/projects/surge/surgelight/src/features/reports/shared/hooks/useReportForm.ts", "TypeScript", 71, 0, 0, 0, 0, 0, 0, 0, 0, 4, 14, 89
"/Users/kuben/projects/surge/surgelight/src/features/reports/shared/hooks/useSelectionLogic.ts", "TypeScript", 69, 0, 0, 0, 0, 0, 0, 0, 0, 15, 14, 98
"/Users/kuben/projects/surge/surgelight/src/features/reports/shared/index.ts", "TypeScript", 14, 0, 0, 0, 0, 0, 0, 0, 0, 4, 3, 21
"/Users/kuben/projects/surge/surgelight/src/features/reports/shared/types/report.types.ts", "TypeScript", 81, 0, 0, 0, 0, 0, 0, 0, 0, 0, 11, 92
"/Users/kuben/projects/surge/surgelight/src/features/reports/shared/utils/report.utils.ts", "TypeScript", 8, 0, 0, 0, 0, 0, 0, 0, 0, 1, 1, 10
"/Users/kuben/projects/surge/surgelight/src/features/social-accounts/SocialAccountsPage.tsx", "TypeScript JSX", 0, 112, 0, 0, 0, 0, 0, 0, 0, 3, 13, 128
"/Users/kuben/projects/surge/surgelight/src/features/social-accounts/components/PlatformIcon.tsx", "TypeScript JSX", 0, 18, 0, 0, 0, 0, 0, 0, 0, 0, 3, 21
"/Users/kuben/projects/surge/surgelight/src/features/social-accounts/components/ProfileActions.tsx", "TypeScript JSX", 0, 46, 0, 0, 0, 0, 0, 0, 0, 0, 3, 49
"/Users/kuben/projects/surge/surgelight/src/features/social-accounts/components/ProfileCard.tsx", "TypeScript JSX", 0, 51, 0, 0, 0, 0, 0, 0, 0, 0, 4, 55
"/Users/kuben/projects/surge/surgelight/src/features/social-accounts/components/ProfileContent.tsx", "TypeScript JSX", 0, 33, 0, 0, 0, 0, 0, 0, 0, 0, 4, 37
"/Users/kuben/projects/surge/surgelight/src/features/social-accounts/components/ProfileHeader.tsx", "TypeScript JSX", 0, 34, 0, 0, 0, 0, 0, 0, 0, 0, 5, 39
"/Users/kuben/projects/surge/surgelight/src/features/social-accounts/components/ProfileList.tsx", "TypeScript JSX", 0, 49, 0, 0, 0, 0, 0, 0, 0, 0, 4, 53
"/Users/kuben/projects/surge/surgelight/src/features/social-accounts/components/ProfileListColumn.tsx", "TypeScript JSX", 0, 76, 0, 0, 0, 0, 0, 0, 0, 0, 7, 83
"/Users/kuben/projects/surge/surgelight/src/features/social-accounts/components/ProfileStats.tsx", "TypeScript JSX", 0, 29, 0, 0, 0, 0, 0, 0, 0, 0, 3, 32
"/Users/kuben/projects/surge/surgelight/src/features/social-accounts/components/SocialAccountCard.tsx", "TypeScript JSX", 0, 48, 0, 0, 0, 0, 0, 0, 0, 0, 3, 51
"/Users/kuben/projects/surge/surgelight/src/features/social-accounts/components/SyncProgressBar.tsx", "TypeScript JSX", 0, 25, 0, 0, 0, 0, 0, 0, 0, 0, 4, 29
"/Users/kuben/projects/surge/surgelight/src/features/social-accounts/constants/platforms.ts", "TypeScript", 24, 0, 0, 0, 0, 0, 0, 0, 0, 1, 6, 31
"/Users/kuben/projects/surge/surgelight/src/features/social-accounts/dialogs/CreateProfileDialog.tsx", "TypeScript JSX", 0, 92, 0, 0, 0, 0, 0, 0, 0, 0, 6, 98
"/Users/kuben/projects/surge/surgelight/src/features/social-accounts/dialogs/DeleteProfileDialog.tsx", "TypeScript JSX", 0, 101, 0, 0, 0, 0, 0, 0, 0, 0, 7, 108
"/Users/kuben/projects/surge/surgelight/src/features/social-accounts/dialogs/SyncDialog.tsx", "TypeScript JSX", 0, 74, 0, 0, 0, 0, 0, 0, 0, 1, 8, 83
"/Users/kuben/projects/surge/surgelight/src/features/social-accounts/hooks/useExpandedProfiles.ts", "TypeScript", 34, 0, 0, 0, 0, 0, 0, 0, 0, 1, 8, 43
"/Users/kuben/projects/surge/surgelight/src/features/social-accounts/hooks/useProfileActions.ts", "TypeScript", 47, 0, 0, 0, 0, 0, 0, 0, 0, 0, 6, 53
"/Users/kuben/projects/surge/surgelight/src/features/social-accounts/hooks/useProfileSync.ts", "TypeScript", 82, 0, 0, 0, 0, 0, 0, 0, 0, 0, 18, 100
"/Users/kuben/projects/surge/surgelight/src/features/social-accounts/hooks/useProfiles.ts", "TypeScript", 12, 0, 0, 0, 0, 0, 0, 0, 0, 0, 3, 15
"/Users/kuben/projects/surge/surgelight/src/features/social-accounts/hooks/useSyncDialog.ts", "TypeScript", 78, 0, 0, 0, 0, 0, 0, 0, 0, 2, 16, 96
"/Users/kuben/projects/surge/surgelight/src/features/social-accounts/index.ts", "TypeScript", 38, 0, 0, 0, 0, 0, 0, 0, 0, 6, 5, 49
"/Users/kuben/projects/surge/surgelight/src/features/social-accounts/types/social-accounts.types.ts", "TypeScript", 46, 0, 0, 0, 0, 0, 0, 0, 0, 0, 7, 53
"/Users/kuben/projects/surge/surgelight/src/features/social-accounts/utils/platform.utils.ts", "TypeScript", 19, 0, 0, 0, 0, 0, 0, 0, 0, 0, 5, 24
"/Users/kuben/projects/surge/surgelight/src/hooks/analytics/index.ts", "TypeScript", 3, 0, 0, 0, 0, 0, 0, 0, 0, 1, 0, 4
"/Users/kuben/projects/surge/surgelight/src/hooks/analytics/useAnalyticsData.ts", "TypeScript", 75, 0, 0, 0, 0, 0, 0, 0, 0, 12, 10, 97
"/Users/kuben/projects/surge/surgelight/src/hooks/analytics/useAnalyticsFilters.ts", "TypeScript", 93, 0, 0, 0, 0, 0, 0, 0, 0, 24, 22, 139
"/Users/kuben/projects/surge/surgelight/src/hooks/analytics/useMetricCalculations.ts", "TypeScript", 51, 0, 0, 0, 0, 0, 0, 0, 0, 14, 9, 74
"/Users/kuben/projects/surge/surgelight/src/hooks/index.ts", "TypeScript", 1, 0, 0, 0, 0, 0, 0, 0, 0, 1, 0, 2
"/Users/kuben/projects/surge/surgelight/src/hooks/use-mobile.ts", "TypeScript", 15, 0, 0, 0, 0, 0, 0, 0, 0, 0, 5, 20
"/Users/kuben/projects/surge/surgelight/src/hooks/useConvexUpload.ts", "TypeScript", 89, 0, 0, 0, 0, 0, 0, 0, 0, 7, 19, 115
"/Users/kuben/projects/surge/surgelight/src/lib/utils.ts", "TypeScript", 30, 0, 0, 0, 0, 0, 0, 0, 0, 0, 9, 39
"/Users/kuben/projects/surge/surgelight/src/middleware.ts", "TypeScript", 23, 0, 0, 0, 0, 0, 0, 0, 0, 7, 6, 36
"/Users/kuben/projects/surge/surgelight/src/styles/globals.css", "CSS", 0, 0, 0, 189, 0, 0, 0, 0, 0, 0, 7, 196
"/Users/kuben/projects/surge/surgelight/src/types/analytics.types.ts", "TypeScript", 125, 0, 0, 0, 0, 0, 0, 0, 0, 14, 18, 157
"/Users/kuben/projects/surge/surgelight/src/types/index.ts", "TypeScript", 1, 0, 0, 0, 0, 0, 0, 0, 0, 1, 0, 2
"/Users/kuben/projects/surge/surgelight/src/utils/analytics/data-processing.utils.ts", "TypeScript", 107, 0, 0, 0, 0, 0, 0, 0, 0, 30, 16, 153
"/Users/kuben/projects/surge/surgelight/src/utils/analytics/growth-calculations.utils.ts", "TypeScript", 65, 0, 0, 0, 0, 0, 0, 0, 0, 16, 19, 100
"/Users/kuben/projects/surge/surgelight/src/utils/analytics/index.ts", "TypeScript", 22, 0, 0, 0, 0, 0, 0, 0, 0, 10, 3, 35
"/Users/kuben/projects/surge/surgelight/src/utils/analytics/metric-calculations.utils.ts", "TypeScript", 93, 0, 0, 0, 0, 0, 0, 0, 0, 29, 16, 138
"/Users/kuben/projects/surge/surgelight/src/utils/audio-trimmer.utils.ts", "TypeScript", 111, 0, 0, 0, 0, 0, 0, 0, 0, 45, 27, 183
"/Users/kuben/projects/surge/surgelight/src/utils/index.ts", "TypeScript", 1, 0, 0, 0, 0, 0, 0, 0, 0, 1, 0, 2
"/Users/kuben/projects/surge/surgelight/src/utils/media-converter.utils.ts", "TypeScript", 73, 0, 0, 0, 0, 0, 0, 0, 0, 39, 18, 130
"/Users/kuben/projects/surge/surgelight/src/utils/srt-converter.utils.ts", "TypeScript", 77, 0, 0, 0, 0, 0, 0, 0, 0, 0, 21, 98
"/Users/kuben/projects/surge/surgelight/tailwind.config.ts", "TypeScript", 93, 0, 0, 0, 0, 0, 0, 0, 0, 0, 2, 95
"/Users/kuben/projects/surge/surgelight/tsconfig.json", "JSON with Comments", 0, 0, 0, 0, 0, 0, 0, 35, 0, 4, 4, 43
"Total", "-", 13122, 21172, 109, 189, 9334, 720, 4, 53, 5, 1986, 4512, 51206